LECROYWS4024HD,18014,Waveform
Segments,1,SegmentSize,12501
Segment,TrigTime,TimeSinceSegment1
#1,01-Jan-2000 00:00:00,0                 
Time,Ampl
-0.2,-0.0146749998
-0.19984,-0.0148382289
-0.19968,-0.0148999915
-0.19952,-0.0135882618
-0.19936,-0.0145588256
-0.1992,-0.0140956016
-0.19904,-0.0125559354
-0.19888,-0.0142529504
-0.19872,-0.0131235644
-0.19856,-0.0141867753
-0.1984,-0.0149235195
-0.19824,-0.0142294243
-0.19808,-0.0131250396
-0.19792,-0.0154396845
-0.19776,-0.013967663
-0.1976,-0.0135338521
-0.19744,-0.0142529476
-0.19728,-0.0135220848
-0.19712,-0.0155146867
-0.19696,-0.0165146589
-0.1968,-0.0138161974
-0.19664,-0.0145647069
-0.19648,-0.0146617657
-0.19632,-0.015007345
-0.19616,-0.0143602993
-0.196,-0.0152485119
-0.19584,-0.0156485066
-0.19568,-0.0146191167
-0.19552,-0.0162528977
-0.19536,-0.0162426066
-0.1952,-0.0143779526
-0.19504,-0.0158999711
-0.19488,-0.0166896544
-0.19472,-0.0154058635
-0.19456,-0.0154382139
-0.1944,-0.0158602633
-0.19424,-0.0170764066
-0.19408,-0.0177999176
-0.19392,-0.0173896328
-0.19376,-0.0151779288
-0.1936,-0.0148955826
-0.19344,-0.0163940731
-0.19328,-0.0169866998
-0.19312,-0.0156308524
-0.19296,-0.014901462
-0.1928,-0.0144353015
-0.19264,-0.0170322936
-0.19248,-0.015330866
-0.19232,-0.0140970731
-0.19216,-0.0153073333
-0.192,-0.0158514399
-0.19184,-0.0171293486
-0.19168,-0.0172837544
-0.19152,-0.0166367125
-0.19136,-0.015980849
-0.1912,-0.0155470362
-0.19104,-0.015554389
-0.19088,-0.0182616729
-0.19072,-0.0179910921
-0.19056,-0.0154690966
-0.1904,-0.0165705346
-0.19024,-0.0168984681
-0.19008,-0.0181072596
-0.18992,-0.0176396314
-0.18976,-0.017146999
-0.1896,-0.0150264604
-0.18944,-0.0171131697
-0.18928,-0.0165073033
-0.18912,-0.0164087787
-0.18896,-0.0163823087
-0.1888,-0.0162176061
-0.18864,-0.0153088067
-0.18848,-0.0164205451
-0.18832,-0.0165131837
-0.18816,-0.016508773
-0.188,-0.0162440781
-0.18784,-0.01692494
-0.18768,-0.015091164
-0.18752,-0.0157029126
-0.18736,-0.0148941083
-0.1872,-0.0145705938
-0.18704,-0.0154029205
-0.18688,-0.0143220676
-0.18672,-0.0152499853
-0.18656,-0.0158470273
-0.1864,-0.0160190854
-0.18624,-0.0140956007
-0.18608,-0.0149838133
-0.18592,-0.0153940953
-0.18576,-0.0137176691
-0.1856,-0.0145397037
-0.18544,-0.014841171
-0.18528,-0.0136926714
-0.18512,-0.0140926596
-0.18496,-0.0151058696
-0.1848,-0.0157087948
-0.18464,-0.0146455867
-0.18448,-0.0158734974
-0.18432,-0.0157705583
-0.18416,-0.0157426149
-0.184,-0.0172808096
-0.18384,-0.0157367364
-0.18368,-0.0157132093
-0.18352,-0.0142558934
-0.18336,-0.0160087869
-0.1832,-0.015324981
-0.18304,-0.0151985139
-0.18288,-0.0151485167
-0.18272,-0.0138647258
-0.18256,-0.0135823805
-0.1824,-0.0137985488
-0.18224,-0.0128441649
-0.18208,-0.0139956092
-0.18192,-0.0129044577
-0.18176,-0.0123765264
-0.1816,-0.013754434
-0.18144,-0.0145779429
-0.18128,-0.0149249919
-0.18112,-0.0130103342
-0.18096,-0.0146691157
-0.1808,-0.0154632162
-0.18064,-0.0143397124
-0.18048,-0.0140779549
-0.18032,-0.0150308702
-0.18016,-0.0145191215
-0.18,-0.0134485615
-0.17984,-0.0148411775
-0.17968,-0.0161734913
-0.17952,-0.0165367164
-0.17936,-0.0153999766
-0.1792,-0.016436724
-0.17904,-0.0157190952
-0.17888,-0.0168587696
-0.17872,-0.0164955426
-0.17856,-0.0158426091
-0.1784,-0.0153308641
-0.17824,-0.0149794044
-0.17808,-0.0150426347
-0.17792,-0.0152661595
-0.17776,-0.0159514397
-0.1776,-0.0155573264
-0.17744,-0.016235251
-0.17728,-0.0161117297
-0.17712,-0.015804382
-0.17696,-0.015389692
-0.1768,-0.016170552
-0.17664,-0.0165367164
-0.17648,-0.0164470114
-0.17632,-0.0169705264
-0.17616,-0.0157337934
-0.176,-0.0145970592
-0.17584,-0.0151838092
-0.17568,-0.0141088385
-0.17552,-0.0158367306
-0.17536,-0.0153308669
-0.1752,-0.0157367364
-0.17504,-0.0159779061
-0.17488,-0.0159146711
-0.17472,-0.0175131559
-0.17456,-0.0160749611
-0.1744,-0.0156661496
-0.17424,-0.0184675455
-0.17408,-0.0166484732
-0.17392,-0.0168028846
-0.17376,-0.0173263997
-0.1736,-0.0189395901
-0.17344,-0.0174160991
-0.17328,-0.0181749091
-0.17312,-0.0180513822
-0.17296,-0.0167808253
-0.1728,-0.0158455558
-0.17264,-0.0149264624
-0.17248,-0.0156293847
-0.17232,-0.0179866776
-0.17216,-0.0166234784
-0.172,-0.015822025
-0.17184,-0.0171499327
-0.17168,-0.0168190598
-0.17152,-0.0170043502
-0.17136,-0.017358752
-0.1712,-0.0141853075
-0.17104,-0.0157484971
-0.17088,-0.0136000281
-0.17072,-0.0136162005
-0.17056,-0.0139617808
-0.1704,-0.0159867294
-0.17024,-0.0167823005
-0.17008,-0.0149955768
-0.16992,-0.0141103044
-0.16976,-0.0160440803
-0.1696,-0.0141573651
-0.16944,-0.0153132146
-0.16928,-0.0155632151
-0.16912,-0.0148749938
-0.16896,-0.0146249989
-0.1688,-0.0150735155
-0.16864,-0.0157411508
-0.16848,-0.0143764764
-0.16832,-0.0160102583
-0.16816,-0.0159940813
-0.168,-0.0141588384
-0.16784,-0.015998492
-0.16768,-0.0152985137
-0.16752,-0.0158323199
-0.16736,-0.0147897033
-0.1672,-0.0148661677
-0.16704,-0.0139632542
-0.16688,-0.013913257
-0.16672,-0.0147338174
-0.16656,-0.013330915
-0.1664,-0.0130426893
-0.16624,-0.0154852727
-0.16608,-0.0160837863
-0.16592,-0.0148220547
-0.16576,-0.0155338012
-0.1656,-0.0146426456
-0.16544,-0.0143500092
-0.16528,-0.0122632943
-0.16512,-0.0122912396
-0.16496,-0.0133882686
-0.1648,-0.0141647207
-0.16464,-0.0147485295
-0.16448,-0.0135103241
-0.16432,-0.014660296
-0.16416,-0.0150558697
-0.164,-0.0136250257
-0.16384,-0.0135647319
-0.16368,-0.0146000013
-0.16352,-0.0159984957
-0.16336,-0.0149617577
-0.1632,-0.0142294215
-0.16304,-0.0127029894
-0.16288,-0.0159661435
-0.16272,-0.0165764205
-0.16256,-0.0164881926
-0.1624,-0.016041141
-0.16224,-0.0157617368
-0.16208,-0.0154573303
-0.16192,-0.0161499605
-0.16176,-0.015988199
-0.1616,-0.0157382078
-0.16144,-0.0175616853
-0.16128,-0.0159646738
-0.16112,-0.0160014369
-0.16096,-0.0159808509
-0.1608,-0.0163778961
-0.16064,-0.016185252
-0.16048,-0.0129485736
-0.16032,-0.0150779346
-0.16016,-0.0162205491
-0.16,-0.0154793905
-0.15984,-0.0154573312
-0.15968,-0.0178146213
-0.15952,-0.0166381858
-0.15936,-0.0153249791
-0.1592,-0.0135059077
-0.15904,-0.0157367326
-0.15888,-0.0144897085
-0.15872,-0.0161131993
-0.15856,-0.0156543814
-0.1584,-0.0159484968
-0.15824,-0.0174484551
-0.15808,-0.0175087471
-0.15792,-0.0154602714
-0.15776,-0.0170367025
-0.1576,-0.0154308621
-0.15744,-0.0162528977
-0.15728,-0.0166514218
-0.15712,-0.0179543272
-0.15696,-0.0178308003
-0.1568,-0.0167470071
-0.15664,-0.0166867152
-0.15648,-0.01730581
-0.15632,-0.0168764126
-0.15616,-0.0177469775
-0.156,-0.0177425649
-0.15584,-0.0164970104
-0.15568,-0.0173852202
-0.15552,-0.0172822904
-0.15536,-0.0166514199
-0.1552,-0.0172734596
-0.15504,-0.0159308501
-0.15488,-0.0155984983
-0.15472,-0.0133662084
-0.15456,-0.0156073263
-0.1544,-0.0160793737
-0.15424,-0.0149161685
-0.15408,-0.0139661906
-0.15392,-0.0140705993
-0.15376,-0.0147485249
-0.1536,-0.0175572764
-0.15344,-0.0152852749
-0.15328,-0.0152293928
-0.15312,-0.0140441339
-0.15296,-0.0147808772
-0.1528,-0.0145102935
-0.15264,-0.0129544539
-0.15248,-0.0139206061
-0.15232,-0.0161602497
-0.15216,-0.0151161598
-0.152,-0.0137706092
-0.15184,-0.0142455986
-0.15168,-0.0156705622
-0.15152,-0.0161190759
-0.15136,-0.0140470741
-0.1512,-0.0162970163
-0.15104,-0.0169425849
-0.15088,-0.0155117419
-0.15072,-0.0166205391
-0.15056,-0.0154308639
-0.1504,-0.0152367512
-0.15024,-0.0133088566
-0.15008,-0.0144426497
-0.14992,-0.0139823733
-0.14976,-0.0151455747
-0.1496,-0.0152455708
-0.14944,-0.0142750079
-0.14928,-0.0140941329
-0.14912,-0.0145470612
-0.14896,-0.0133441519
-0.1488,-0.0143250069
-0.14864,-0.0132088568
-0.14848,-0.0135941459
-0.14832,-0.0142147187
-0.14816,-0.0142441252
-0.148,-0.0154337995
-0.14784,-0.0152191045
-0.14768,-0.0148426425
-0.14752,-0.0139426664
-0.14736,-0.013907372
-0.1472,-0.0123221185
-0.14704,-0.0142750088
-0.14688,-0.0149352895
-0.14672,-0.0141426567
-0.14656,-0.0159529075
-0.1464,-0.0166117176
-0.14624,-0.0148617625
-0.14608,-0.0144838253
-0.14592,-0.0154411569
-0.14576,-0.0152279232
-0.1456,-0.016182309
-0.14544,-0.0147279408
-0.14528,-0.0162278991
-0.14512,-0.0165293645
-0.14496,-0.0160014369
-0.1448,-0.0157617349
-0.14464,-0.0162131898
-0.14448,-0.0154043902
-0.14432,-0.0161132012
-0.14416,-0.0166940652
-0.144,-0.0161573123
-0.14384,-0.0151352808
-0.14368,-0.0167793557
-0.14352,-0.0177278612
-0.14336,-0.015130871
-0.1432,-0.0151323387
-0.14304,-0.0165323038
-0.14288,-0.0160882007
-0.14272,-0.0150058707
-0.14256,-0.0147279371
-0.1424,-0.0142441289
-0.14224,-0.0153470393
-0.14208,-0.0167852398
-0.14192,-0.0151455747
-0.14176,-0.014633825
-0.1416,-0.0169925876
-0.14144,-0.0161426086
-0.14128,-0.0173866898
-0.14112,-0.0183969624
-0.14096,-0.0182837341
-0.1408,-0.0162249561
-0.14064,-0.0170117021
-0.14048,-0.0183263756
-0.14032,-0.0177234448
-0.14016,-0.0173205193
-0.14,-0.0147308772
-0.13984,-0.0150499893
-0.13968,-0.0171322897
-0.13952,-0.0188028365
-0.13936,-0.0154220378
-0.1392,-0.016361719
-0.13904,-0.0186807737
-0.13888,-0.0164837744
-0.13872,-0.0158029106
-0.13856,-0.016535243
-0.1384,-0.014574999
-0.13824,-0.0154573275
-0.13808,-0.0164631903
-0.13792,-0.0156308562
-0.13776,-0.0160823129
-0.1376,-0.0148926396
-0.13744,-0.015692614
-0.13728,-0.0153455697
-0.13712,-0.0151043963
-0.13696,-0.0154529205
-0.1368,-0.0156323276
-0.13664,-0.0140014868
-0.13648,-0.0158764385
-0.13632,-0.0155279143
-0.13616,-0.014388239
-0.136,-0.0152632194
-0.13584,-0.0143117728
-0.13568,-0.0144529408
-0.13552,-0.01571762
-0.13536,-0.0154793877
-0.1352,-0.0160734914
-0.13504,-0.0137117887
-0.13488,-0.0150014618
-0.13472,-0.0159808472
-0.13456,-0.0153220389
-0.1344,-0.0157793816
-0.13424,-0.0161940791
-0.13408,-0.0160499625
-0.13392,-0.0148455817
-0.13376,-0.0149073489
-0.1336,-0.0158264358
-0.13344,-0.0129397474
-0.13328,-0.0149146998
-0.13312,-0.0147779379
-0.13296,-0.0153838042
-0.1328,-0.014161773
-0.13264,-0.0143073583
-0.13248,-0.0125485817
-0.13232,-0.0151470415
-0.13216,-0.0139029585
-0.132,-0.0142411832
-0.13184,-0.0138250235
-0.13168,-0.0140823666
-0.13152,-0.0122177098
-0.13136,-0.0157323219
-0.1312,-0.0127191655
-0.13104,-0.0137206139
-0.13088,-0.012710344
-0.13072,-0.0141161894
-0.13056,-0.0169896428
-0.1304,-0.0148088196
-0.13024,-0.0122927064
-0.13008,-0.0141955987
-0.12992,-0.014260306
-0.12976,-0.0157455634
-0.1296,-0.0155764474
-0.12944,-0.0160940848
-0.12928,-0.0146911722
-0.12912,-0.015204398
-0.12896,-0.0155485058
-0.1288,-0.0167396516
-0.12864,-0.0150235193
-0.12848,-0.0145235313
-0.12832,-0.0157293808
-0.12816,-0.0160573162
-0.128,-0.0173969865
-0.12784,-0.0155867394
-0.12768,-0.014457359
-0.12752,-0.0152882189
-0.12736,-0.0167499464
-0.1272,-0.0164293628
-0.12704,-0.0153882131
-0.12688,-0.0151308673
-0.12672,-0.0156676192
-0.12656,-0.0144058876
-0.1264,-0.0167705324
-0.12624,-0.0170484651
-0.12608,-0.0139867794
-0.12592,-0.0164734833
-0.12576,-0.0143382447
-0.1256,-0.0160117298
-0.12544,-0.0160455517
-0.12528,-0.0162028987
-0.12512,-0.0152499862
-0.12496,-0.0166323036
-0.1248,-0.015372037
-0.12464,-0.0160984881
-0.12448,-0.0170572903
-0.12432,-0.01591173
-0.12416,-0.0183234364
-0.124,-0.0166587755
-0.12384,-0.0162587818
-0.12368,-0.0179396179
-0.12352,-0.0177587457
-0.12336,-0.0165661275
-0.1232,-0.0178984422
-0.12304,-0.0164220128
-0.12288,-0.0166117102
-0.12272,-0.0166528877
-0.12256,-0.016351426
-0.1224,-0.0161396712
-0.12224,-0.016622005
-0.12208,-0.0165234786
-0.12192,-0.0174396336
-0.12176,-0.0157014392
-0.1216,-0.0154470336
-0.12144,-0.0147544034
-0.12128,-0.0167293586
-0.12112,-0.0146941142
-0.12096,-0.0170572884
-0.1208,-0.0160323139
-0.12064,-0.0149044031
-0.12048,-0.0140029564
-0.12032,-0.0154470364
-0.12016,-0.0147676421
-0.12,-0.0148749948
-0.11984,-0.0165955368
-0.11968,-0.0142941261
-0.11952,-0.0145720569
-0.11936,-0.0139838364
-0.1192,-0.0152661614
-0.11904,-0.015670564
-0.11888,-0.0143250087
-0.11872,-0.0167764127
-0.11856,-0.0139426645
-0.1184,-0.0133529743
-0.11824,-0.0156632084
-0.11808,-0.0141103063
-0.11792,-0.0155573282
-0.11776,-0.0161602572
-0.1176,-0.0162293706
-0.11744,-0.0157293826
-0.11728,-0.0142382439
-0.11712,-0.0134412032
-0.11696,-0.0140779559
-0.1168,-0.0171484668
-0.11664,-0.0153720398
-0.11648,-0.0154161565
-0.11632,-0.0135867959
-0.11616,-0.0135647338
-0.116,-0.0117956614
-0.11584,-0.015051458
-0.11568,-0.0141485389
-0.11552,-0.0140220728
-0.11536,-0.0139103113
-0.1152,-0.0141632454
-0.11504,-0.0137691386
-0.11488,-0.013970606
-0.11472,-0.0143426564
-0.11456,-0.0129750436
-0.1144,-0.0153132165
-0.11424,-0.0165528934
-0.11408,-0.0133926785
-0.11392,-0.012420645
-0.11376,-0.0136176739
-0.1136,-0.0152617479
-0.11344,-0.0152102755
-0.11328,-0.0155073293
-0.11312,-0.0158087891
-0.11296,-0.015348509
-0.1128,-0.0163484849
-0.11264,-0.0147617618
-0.11248,-0.0157911424
-0.11232,-0.016332306
-0.11216,-0.0158926137
-0.112,-0.0145941172
-0.11184,-0.0154837957
-0.11168,-0.0171911102
-0.11152,-0.0169264153
-0.11136,-0.0153293917
-0.1112,-0.0157337971
-0.11104,-0.0159881972
-0.11088,-0.0151426364
-0.11072,-0.0154220415
-0.11056,-0.0163690764
-0.1104,-0.0165925957
-0.11024,-0.0157617368
-0.11008,-0.0138911959
-0.10992,-0.0175528694
-0.10976,-0.0175263938
-0.1096,-0.015645558
-0.10944,-0.0145279411
-0.10928,-0.0160014387
-0.10912,-0.016177902
-0.10896,-0.0149955787
-0.1088,-0.0162278991
-0.10864,-0.0149617549
-0.10848,-0.0147896996
-0.10832,-0.0171558168
-0.10816,-0.0169072971
-0.108,-0.016998468
-0.10784,-0.0173543412
-0.10768,-0.0157705564
-0.10752,-0.0166161265
-0.10736,-0.0163690746
-0.1072,-0.0158955529
-0.10704,-0.0168293528
-0.10688,-0.0174969807
-0.10672,-0.018121969
-0.10656,-0.015804382
-0.1064,-0.0164675955
-0.10624,-0.0181219671
-0.10608,-0.0178307928
-0.10592,-0.0148235243
-0.10576,-0.0175646301
-0.1056,-0.0153205702
-0.10544,-0.0179940332
-0.10528,-0.0169705264
-0.10512,-0.0144205894
-0.10496,-0.0165705383
-0.1048,-0.0168058239
-0.10464,-0.0144279469
-0.10448,-0.0168161187
-0.10432,-0.0138735492
-0.10416,-0.0143602984
-0.104,-0.0164999515
-0.10384,-0.0150955738
-0.10368,-0.0137147298
-0.10352,-0.0158426147
-0.10336,-0.0134838512
-0.1032,-0.0146455858
-0.10304,-0.0153690986
-0.10288,-0.0153573342
-0.10272,-0.0158749651
-0.10256,-0.0144500025
-0.1024,-0.0134367971
-0.10224,-0.0142250089
-0.10208,-0.015267631
-0.10192,-0.0142205991
-0.10176,-0.0155882109
-0.1016,-0.0149396956
-0.10144,-0.0146014728
-0.10128,-0.0149911633
-0.10112,-0.0139853107
-0.10096,-0.0151838064
-0.1008,-0.0154808611
-0.10064,-0.0155161563
-0.10048,-0.0160720237
-0.10032,-0.015167634
-0.10016,-0.0158337932
-0.1,-0.0150602786
-0.09984,-0.0147338193
-0.09968,-0.0152779212
-0.09952,-0.0146617619
-0.09936,-0.0140617806
-0.0992,-0.0124191735
-0.09904,-0.0141044259
-0.09888,-0.0148573462
-0.09872,-0.0136029655
-0.09856,-0.0129676927
-0.0984,-0.014794115
-0.09824,-0.0142205954
-0.09808,-0.0142544191
-0.09792,-0.0124412328
-0.09776,-0.0142529551
-0.0976,-0.0141911879
-0.09744,-0.0149426414
-0.09728,-0.0136691444
-0.09712,-0.015001459
-0.09696,-0.0151661625
-0.0968,-0.0159749668
-0.09664,-0.0141735459
-0.09648,-0.014851464
-0.09632,-0.0170352347
-0.09616,-0.0149411727
-0.096,-0.0153058711
-0.09584,-0.0164837725
-0.09568,-0.0153896837
-0.09552,-0.0154102771
-0.09536,-0.0164925996
-0.0952,-0.0162381921
-0.09504,-0.0155940913
-0.09488,-0.0158926118
-0.09472,-0.0157793816
-0.09456,-0.0142073631
-0.0944,-0.0163778998
-0.09424,-0.0158132054
-0.09408,-0.0167852398
-0.09392,-0.0146970544
-0.09376,-0.0158661474
-0.0936,-0.0163602494
-0.09344,-0.0171337612
-0.09328,-0.015785262
-0.09312,-0.0167558305
-0.09296,-0.0154779209
-0.0928,-0.0158558525
-0.09264,-0.0159176178
-0.09248,-0.0158632025
-0.09232,-0.0158632044
-0.09216,-0.0149073452
-0.092,-0.0148176439
-0.09184,-0.0146661736
-0.09168,-0.0165734813
-0.09152,-0.0159970205
-0.09136,-0.0151691008
-0.0912,-0.0171337575
-0.09104,-0.0162676051
-0.09088,-0.0171572864
-0.09072,-0.0176131595
-0.09056,-0.0175984558
-0.0904,-0.0171014071
-0.09024,-0.016822001
-0.09008,-0.0147338202
-0.08992,-0.017669037
-0.08976,-0.0170190576
-0.0896,-0.0168661159
-0.08944,-0.0183513723
-0.08928,-0.0168543551
-0.08912,-0.015980849
-0.08896,-0.0170969944
-0.0888,-0.0177425705
-0.08864,-0.0173072834
-0.08848,-0.0160867274
-0.08832,-0.0163396597
-0.08816,-0.0156793818
-0.088,-0.0166131835
-0.08784,-0.0154176299
-0.08768,-0.0170411132
-0.08752,-0.0155190937
-0.08736,-0.0153146842
-0.0872,-0.013407384
-0.08704,-0.0136309052
-0.08688,-0.0153235095
-0.08672,-0.0148588168
-0.08656,-0.0149220517
-0.0864,-0.015674971
-0.08624,-0.0159646682
-0.08608,-0.0144308861
-0.08592,-0.0152220437
-0.08576,-0.0143294176
-0.0856,-0.0163778905
-0.08544,-0.0162176043
-0.08528,-0.0138735473
-0.08512,-0.0143779479
-0.08496,-0.0146176443
-0.0848,-0.0159558486
-0.08464,-0.0150941033
-0.08448,-0.0157220326
-0.08432,-0.0164528955
-0.08416,-0.0160882007
-0.084,-0.0167352371
-0.08384,-0.0154029224
-0.08368,-0.0149367591
-0.08352,-0.0123912329
-0.08336,-0.0130750416
-0.0832,-0.0146808792
-0.08304,-0.0137014957
-0.08288,-0.0141147198
-0.08272,-0.0150058726
-0.08256,-0.0141823618
-0.0824,-0.0144985337
-0.08224,-0.0141029563
-0.08208,-0.0135367895
-0.08192,-0.0138000175
-0.08176,-0.0140279578
-0.0816,-0.0141353086
-0.08144,-0.016077904
-0.08128,-0.0140867829
-0.08112,-0.0143897152
-0.08096,-0.0150794005
-0.0808,-0.0142191295
-0.08064,-0.0142205982
-0.08048,-0.0148088206
-0.08032,-0.0144147128
-0.08016,-0.0127250496
-0.08,-0.0149617577
-0.07984,-0.0155867375
-0.07968,-0.0148999915
-0.07952,-0.0157632045
-0.07936,-0.0161308441
-0.0792,-0.0146132335
-0.07904,-0.0147485305
-0.07888,-0.0146220578
-0.07872,-0.0169867054
-0.07856,-0.0162911378
-0.0784,-0.0160411354
-0.07824,-0.0157749727
-0.07808,-0.0172161106
-0.07792,-0.0169720016
-0.07776,-0.0155985039
-0.0776,-0.0143691245
-0.07744,-0.0154323345
-0.07728,-0.0149896955
-0.07712,-0.0155029157
-0.07696,-0.0169220008
-0.0768,-0.0171734616
-0.07664,-0.0160823148
-0.07648,-0.0148544041
-0.07632,-0.016130846
-0.07616,-0.0163970143
-0.076,-0.0157602634
-0.07584,-0.0143676549
-0.07568,-0.015358801
-0.07552,-0.0156837963
-0.07536,-0.0178528558
-0.0752,-0.0177940335
-0.07504,-0.0143764783
-0.07488,-0.0152808633
-0.07472,-0.0167161245
-0.07456,-0.016480837
-0.0744,-0.0165028907
-0.07424,-0.0176175684
-0.07408,-0.0154088028
-0.07392,-0.0164117198
-0.07376,-0.0178116821
-0.0736,-0.0184910744
-0.07344,-0.0182572566
-0.07328,-0.0157132074
-0.07312,-0.0166484788
-0.07296,-0.0171955191
-0.0728,-0.0148588158
-0.07264,-0.0154882111
-0.07248,-0.0164808352
-0.07232,-0.0166808274
-0.07216,-0.0173558127
-0.072,-0.0155764436
-0.07184,-0.0178352054
-0.07168,-0.016776409
-0.07152,-0.0158426128
-0.07136,-0.0153220389
-0.0712,-0.0145294145
-0.07104,-0.0144367656
-0.07088,-0.0146294087
-0.07072,-0.015572032
-0.07056,-0.0149838151
-0.0704,-0.014801464
-0.07024,-0.0174866877
-0.07008,-0.0155911511
-0.06992,-0.0145794125
-0.06976,-0.0129118087
-0.0696,-0.0158117302
-0.06944,-0.0153646842
-0.06928,-0.0147588169
-0.06912,-0.0136250248
-0.06896,-0.0152264526
-0.0688,-0.0137559036
-0.06864,-0.0155088026
-0.06848,-0.0161602553
-0.06832,-0.0155558567
-0.06816,-0.0154396826
-0.068,-0.0148764616
-0.06784,-0.0156646799
-0.06768,-0.0159484893
-0.06752,-0.0152102802
-0.06736,-0.0165190659
-0.0672,-0.0151999835
-0.06704,-0.0151793957
-0.06688,-0.015583802
-0.06672,-0.01572497
-0.06656,-0.0137353167
-0.0664,-0.0137191415
-0.06624,-0.0136191426
-0.06608,-0.0136720827
-0.06592,-0.0129706329
-0.06576,-0.0141073652
-0.0656,-0.0154764475
-0.06544,-0.0133970901
-0.06528,-0.0127235781
-0.06512,-0.0131265102
-0.06496,-0.013241211
-0.0648,-0.0138220759
-0.06464,-0.0148441102
-0.06448,-0.0155455619
-0.06432,-0.013844138
-0.06416,-0.0157190934
-0.064,-0.0152014541
-0.06384,-0.0145470621
-0.06368,-0.0149264615
-0.06352,-0.0144044179
-0.06336,-0.014570591
-0.0632,-0.0133882677
-0.06304,-0.0151117546
-0.06288,-0.0159646701
-0.06272,-0.0156808551
-0.06256,-0.0165411327
-0.0624,-0.0152073372
-0.06224,-0.0160132013
-0.06208,-0.0166426003
-0.06192,-0.0148941102
-0.06176,-0.0163146649
-0.0616,-0.0165264253
-0.06144,-0.0182028525
-0.06128,-0.0167293586
-0.06112,-0.0151220458
-0.06096,-0.0149558727
-0.0608,-0.0151132233
-0.06064,-0.0160190798
-0.06048,-0.0165131874
-0.06032,-0.0147867613
-0.06016,-0.0150323445
-0.06,-0.015220575
-0.05984,-0.0156352688
-0.05968,-0.01612496
-0.05952,-0.0151838083
-0.05936,-0.0154293915
-0.0592,-0.0145220608
-0.05904,-0.0154073294
-0.05888,-0.0170558188
-0.05872,-0.016351426
-0.05856,-0.0145382378
-0.0584,-0.0157867353
-0.05824,-0.0160440821
-0.05808,-0.0147926435
-0.05792,-0.0151293976
-0.05776,-0.0164970066
-0.0576,-0.0173322856
-0.05744,-0.0168867055
-0.05728,-0.0182690229
-0.05712,-0.0177160949
-0.05696,-0.0163190737
-0.0568,-0.0183484368
-0.05664,-0.0170558169
-0.05648,-0.0159852616
-0.05632,-0.0158984922
-0.05616,-0.0161661394
-0.056,-0.0164043643
-0.05584,-0.0154617373
-0.05568,-0.0166190695
-0.05552,-0.0167999417
-0.05536,-0.0166161247
-0.0552,-0.0183131397
-0.05504,-0.015795555
-0.05488,-0.0159279034
-0.05472,-0.0168808214
-0.05456,-0.0157146789
-0.0544,-0.015264689
-0.05424,-0.0133323865
-0.05408,-0.0159852561
-0.05392,-0.0158470273
-0.05376,-0.0157543812
-0.0536,-0.0154999774
-0.05344,-0.0131853316
-0.05328,-0.0125309378
-0.05312,-0.0156190898
-0.05296,-0.0149308713
-0.0528,-0.0140323667
-0.05264,-0.0156220319
-0.05248,-0.0153146908
-0.05232,-0.016372012
-0.05216,-0.0160029046
-0.052,-0.0145338243
-0.05184,-0.0132353297
-0.05168,-0.014444123
-0.05152,-0.0146514708
-0.05136,-0.0146985278
-0.0512,-0.0155793838
-0.05104,-0.0141853038
-0.05088,-0.0153426267
-0.05072,-0.0160146728
-0.05056,-0.0147470571
-0.0504,-0.0143603012
-0.05024,-0.0145294117
-0.05008,-0.0152499825
-0.04992,-0.0147661716
-0.04976,-0.0167837664
-0.0496,-0.015258804
-0.04944,-0.0140044251
-0.04928,-0.0141500114
-0.04912,-0.0146735255
-0.04896,-0.0133000342
-0.0488,-0.0138088437
-0.04864,-0.0133103263
-0.04848,-0.0142838359
-0.04832,-0.0142117776
-0.04816,-0.0149632264
-0.048,-0.0146558806
-0.04784,-0.014254421
-0.04768,-0.0128206378
-0.04752,-0.0135470852
-0.04736,-0.0140382489
-0.0472,-0.0138544338
-0.04704,-0.0155764464
-0.04688,-0.0133294445
-0.04672,-0.0148749938
-0.04656,-0.016061727
-0.0464,-0.0151161635
-0.04624,-0.0137485527
-0.04608,-0.0154396836
-0.04592,-0.0143573647
-0.04576,-0.0148485238
-0.0456,-0.0165028926
-0.04544,-0.0160220247
-0.04528,-0.0153220436
-0.04512,-0.0163808372
-0.04496,-0.0148308743
-0.0448,-0.0155426254
-0.04464,-0.0146691147
-0.04448,-0.0167690627
-0.04432,-0.0157323256
-0.04416,-0.0158455558
-0.044,-0.017805798
-0.04384,-0.0156587977
-0.04368,-0.0158308521
-0.04352,-0.0151088135
-0.04336,-0.0158176161
-0.0432,-0.0142353047
-0.04304,-0.0165352467
-0.04288,-0.0161190778
-0.04272,-0.0147691146
-0.04256,-0.0146147078
-0.0424,-0.0162381921
-0.04224,-0.0163823087
-0.04208,-0.0147852879
-0.04192,-0.01652495
-0.04176,-0.0158749651
-0.0416,-0.0167911183
-0.04144,-0.0160234943
-0.04128,-0.0170337632
-0.04112,-0.0158102624
-0.04096,-0.0154808611
-0.0408,-0.015838204
-0.04064,-0.0171911083
-0.04048,-0.0176396295
-0.04032,-0.0165396575
-0.04016,-0.018032264
-0.04,-0.0175190382
-0.03984,-0.0156411491
-0.03968,-0.0160087887
-0.03952,-0.0159617309
-0.03936,-0.0168837607
-0.0392,-0.0166072994
-0.03904,-0.0166587718
-0.03888,-0.0161573123
-0.03872,-0.0170778763
-0.03856,-0.0165043678
-0.0384,-0.0150426356
-0.03824,-0.0152543904
-0.03808,-0.0163190737
-0.03792,-0.0169322863
-0.03776,-0.0162823088
-0.0376,-0.0143970614
-0.03744,-0.0140558966
-0.03728,-0.015814675
-0.03712,-0.0155808572
-0.03696,-0.0153940944
-0.0368,-0.0147558786
-0.03664,-0.0145897064
-0.03648,-0.0146058826
-0.03632,-0.0161102545
-0.03616,-0.017395515
-0.036,-0.0149132293
-0.03584,-0.0139132543
-0.03568,-0.0149161667
-0.03552,-0.014651468
-0.03536,-0.014648526
-0.0352,-0.0150352819
-0.03504,-0.015427921
-0.03488,-0.0142058916
-0.03472,-0.015011752
-0.03456,-0.0158749651
-0.0344,-0.0164881907
-0.03424,-0.0154264513
-0.03408,-0.0150176315
-0.03392,-0.0152455736
-0.03376,-0.0166881811
-0.0336,-0.0154426247
-0.03344,-0.013423563
-0.03328,-0.0140029564
-0.03312,-0.0152470442
-0.03296,-0.0139250169
-0.0328,-0.0150382249
-0.03264,-0.013375029
-0.03248,-0.0142573649
-0.03232,-0.0137147298
-0.03216,-0.0132529773
-0.032,-0.0138956085
-0.03184,-0.0135750249
-0.03168,-0.0146764694
-0.03152,-0.014201479
-0.03136,-0.013527968
-0.0312,-0.0131573929
-0.03104,-0.0138485506
-0.03088,-0.0134985587
-0.03072,-0.0152926333
-0.03056,-0.0158514343
-0.0304,-0.0158279147
-0.03024,-0.014444123
-0.03008,-0.0152588077
-0.02992,-0.0152323358
-0.02976,-0.0154338041
-0.0296,-0.0152867483
-0.02944,-0.0150411641
-0.02928,-0.0150117548
-0.02912,-0.0157411452
-0.02896,-0.0159514416
-0.0288,-0.0168014113
-0.02864,-0.0163926054
-0.02848,-0.0164940655
-0.02832,-0.0154735139
-0.02816,-0.0148602892
-0.028,-0.0154529195
-0.02784,-0.0138676651
-0.02768,-0.014683824
-0.02752,-0.0166499466
-0.02736,-0.0148985181
-0.0272,-0.0166411251
-0.02704,-0.0184601992
-0.02688,-0.0157882031
-0.02672,-0.0159676112
-0.02656,-0.015651444
-0.0264,-0.01551174
-0.02624,-0.0152823338
-0.02608,-0.0166175943
-0.02592,-0.01689112
-0.02576,-0.016080847
-0.0256,-0.0143750058
-0.02544,-0.014597062
-0.02528,-0.01569115
-0.02512,-0.0165661275
-0.02496,-0.0163337812
-0.0248,-0.0159043763
-0.02464,-0.0161205493
-0.02448,-0.0177675672
-0.02432,-0.0184587277
-0.02416,-0.0183528475
-0.024,-0.0172366984
-0.02384,-0.0167940594
-0.02368,-0.0159484968
-0.02352,-0.0165543593
-0.02336,-0.0162411332
-0.0232,-0.0169146452
-0.02304,-0.0169837642
-0.02288,-0.0174396336
-0.02272,-0.0167837646
-0.02256,-0.0168043561
-0.0224,-0.01553821
-0.02224,-0.0162896588
-0.02208,-0.0168705266
-0.02192,-0.0176234506
-0.02176,-0.0159808472
-0.0216,-0.0150735164
-0.02144,-0.0152146909
-0.02128,-0.015567624
-0.02112,-0.0169278793
-0.02096,-0.0164587721
-0.0208,-0.0175955109
-0.02064,-0.0146985259
-0.02048,-0.0151882172
-0.02032,-0.015051458
-0.02016,-0.0131882709
-0.02,-0.0141588328
-0.01984,-0.0151205733
-0.01968,-0.0133103263
-0.01952,-0.0150602823
-0.01936,-0.0143823614
-0.0192,-0.0150205782
-0.01904,-0.0139161916
-0.01888,-0.0153705692
-0.01872,-0.0157440901
-0.01856,-0.0162734836
-0.0184,-0.0153220389
-0.01824,-0.0153367482
-0.01808,-0.0119780125
-0.01792,-0.0137323774
-0.01776,-0.0153293954
-0.0176,-0.0168896448
-0.01744,-0.0161396675
-0.01728,-0.0147220539
-0.01712,-0.0148132304
-0.01696,-0.0129103363
-0.0168,-0.0157337952
-0.01664,-0.0151808681
-0.01648,-0.0146970535
-0.01632,-0.0128750438
-0.01616,-0.0139014926
-0.016,-0.0152926315
-0.01584,-0.0136897303
-0.01568,-0.0142044257
-0.01552,-0.0135676758
-0.01536,-0.0134176789
-0.0152,-0.0121177137
-0.01504,-0.0146602914
-0.01488,-0.0149352867
-0.01472,-0.0142088365
-0.01456,-0.0155249778
-0.0144,-0.0143558867
-0.01424,-0.013604437
-0.01408,-0.0122383004
-0.01392,-0.0130353328
-0.01376,-0.0143044163
-0.0136,-0.0140014905
-0.01344,-0.0152308671
-0.01328,-0.0138514899
-0.01312,-0.0162940733
-0.01296,-0.0152455745
-0.0128,-0.0159102585
-0.01264,-0.0146867586
-0.01248,-0.015814675
-0.01232,-0.0148823457
-0.01216,-0.0154823307
-0.012,-0.0146102915
-0.01184,-0.015514683
-0.01168,-0.0154396854
-0.01152,-0.0160499606
-0.01136,-0.0161146633
-0.0112,-0.0173072796
-0.01104,-0.0159529094
-0.01088,-0.0151882228
-0.01072,-0.0168014131
-0.01056,-0.0145647051
-0.0104,-0.0145808877
-0.01024,-0.017648451
-0.01008,-0.0163205452
-0.00992,-0.0151367495
-0.00976,-0.0165337734
-0.0096,-0.0169749409
-0.00944,-0.0148588158
-0.00928,-0.0136382626
-0.00912,-0.0146470563
-0.00896,-0.0157235023
-0.0088,-0.0146617629
-0.00864,-0.0141323656
-0.00848,-0.0152808679
-0.00832,-0.0176205169
-0.00816,-0.0166896544
-0.008,-0.0164984837
-0.00784,-0.0155029157
-0.00768,-0.0153926276
-0.00752,-0.0161352586
-0.00736,-0.0158087891
-0.0072,-0.0162705444
-0.00704,-0.0165396538
-0.00688,-0.0180837288
-0.00672,-0.0162396673
-0.00656,-0.0158573184
-0.0064,-0.0170984622
-0.00624,-0.0169514101
-0.00608,-0.0163499564
-0.00592,-0.0169381723
-0.00576,-0.0160264336
-0.0056,-0.0169381741
-0.00544,-0.0169146452
-0.00528,-0.0160396677
-0.00512,-0.0159484968
-0.00496,-0.0159470215
-0.0048,-0.0173675753
-0.00464,-0.0150499884
-0.00448,-0.0140750157
-0.00432,-0.0148161734
-0.00416,-0.0154249761
-0.004,-0.0162881929
-0.00384,-0.0147323487
-0.00368,-0.0150588108
-0.00352,-0.0155102704
-0.00336,-0.0158264376
-0.0032,-0.0154705653
-0.00304,-0.0146161728
-0.00288,-0.0144250039
-0.00272,-0.0140367802
-0.00256,-0.0152352769
-0.0024,-0.0163440686
-0.00224,-0.015254396
-0.00208,-0.0153176263
-0.00192,-0.0144029446
-0.00176,-0.0146852918
-0.0016,-0.0172469951
-0.00144,-0.0148514658
-0.00128,-0.013457383
-0.00112,-0.0153779201
-0.00096,-0.0164955426
-0.0008,-0.0152146919
-0.00064,-0.0158411469
-0.00048,-0.0152985128
-0.00032,-0.0155485021
-0.00016,-0.0157426205
-5.4301182e-015,-0.015411742
0.00016,-0.00779282534
0.00032,-0.00991482846
0.00048,-0.00818546116
0.00064,-0.0051031909
0.0008,-0.003084125
0.00096,-0.000118025928
0.00112,0.000927535351
0.00128,0.00754059851
0.00144,0.00743618887
0.0016,0.0061376933
0.00176,0.00540536037
0.00192,0.00599063793
0.00208,0.00462302659
0.00224,0.00525389146
0.0024,0.00817734562
0.00256,0.00822587404
0.00272,0.00769500667
0.00288,0.00633768784
0.00304,0.005830348
0.0032,0.00699649472
0.00336,0.00645827223
0.00352,0.0060656378
0.00368,0.00418333197
0.00384,0.00667885458
0.004,0.00418186141
0.00416,0.00663914997
0.00432,0.00671561807
0.00448,0.00458920328
0.00464,0.00548035698
0.0048,0.00438626716
0.00496,0.00493478309
0.00512,0.00418627262
0.00528,0.00364805106
0.00544,0.00478331698
0.0056,0.00492890133
0.00576,0.00557300076
0.00592,0.00336570642
0.00608,0.00295542274
0.00624,0.00238043792
0.0064,0.00491713639
0.00656,0.00332305999
0.00672,0.00291130738
0.00688,0.00189662736
0.00704,0.00266719563
0.0072,0.00315688876
0.00736,0.00345393899
0.00752,0.00487596076
0.00768,0.00346276304
0.00784,0.00168633822
0.008,0.00345099834
0.00816,0.00230543921
0.00832,0.00239808462
0.00848,0.00144075695
0.00864,0.0018407465
0.0088,9.9615776e-005
0.00896,0.000921653234
0.00912,0.000298139988
0.00928,0.00104223774
0.00944,0.000693718088
0.0096,0.000236376771
0.00976,-0.00117094023
0.00992,0.000621660729
0.01008,0.000952534494
0.01024,0.000879007159
0.0104,0.00130987866
0.01056,0.00181280612
0.01072,0.00114811701
0.01088,0.00104076753
0.01104,0.00011138001
0.0112,-0.000726833357
0.01136,0.0012437033
0.01152,0.000162849494
0.01168,0.00135399494
0.01184,0.00159369479
0.012,0.000358432415
0.01216,-0.000175376859
0.01232,0.00033196283
0.01248,0.000637837453
0.01264,0.00160692912
0.0128,-0.000213610911
0.01296,0.000942241342
0.01312,0.00182751217
0.01328,-0.000341548759
0.01344,0.000506958226
0.0136,0.00114076457
0.01376,2.75596394e-005
0.01392,-0.00060624734
0.01408,-9.30259121e-005
0.01424,0.000501075992
0.0144,-0.00100035476
0.01456,-0.00153416465
0.01472,-0.00143416692
0.01488,-0.000490074628
0.01504,-0.000326843583
0.0152,-0.00177680503
0.01536,-0.00131505297
0.01552,-0.00254884455
0.01568,-0.00210767984
0.01584,-0.00206209207
0.016,-0.000573895522
0.01616,-0.00160916289
0.01632,-0.00166210264
0.01648,3.49121401e-005
0.01664,0.000179025345
0.0168,-0.00162680971
0.01696,-1.6557402e-005
0.01712,-0.00223708781
0.01728,-0.00140916789
0.01744,-0.00117682223
0.0176,-0.000750362175
0.01776,-0.00378998974
0.01792,-0.00283560157
0.01808,0.000512840692
0.01824,-0.000447429251
0.0184,-0.0032958847
0.01856,-0.00287089567
0.01872,-0.00244296575
0.01888,-0.0024870825
0.01904,-0.00164739694
0.0192,-0.00307824346
0.01936,-0.00308853574
0.01952,-0.00380616379
0.01968,-0.00371352164
0.01984,-0.00368116796
0.02,-0.00374293095
0.02016,-0.00509730866
0.02032,-0.00492966315
0.02048,-0.00404292205
0.02064,-0.00480908155
0.0208,-0.0058458182
0.02096,-0.00531789102
0.02112,-0.00391645776
0.02128,-0.00413998123
0.02144,-0.00720607489
0.0216,-0.00725313369
0.02176,-0.00530465506
0.02192,-0.00653403532
0.02208,-0.00523995189
0.02224,-0.00628845207
0.0224,-0.00426350487
0.02256,-0.00497966353
0.02272,-0.00548994588
0.02288,-0.00584728736
0.02304,-0.00662373798
0.0232,-0.00475172978
0.02336,-0.00484437309
0.02352,-0.00467378832
0.02368,-0.00714431284
0.02384,-0.0061413995
0.024,-0.00636050943
0.02416,-0.00587522797
0.02432,-0.00602522492
0.02448,-0.00594287226
0.02464,-0.00559141114
0.0248,-0.00745312963
0.02496,-0.005904641
0.02512,-0.00621051388
0.02528,-0.0072575449
0.02544,-0.00723548653
0.0256,-0.00786194112
0.02576,-0.00682079187
0.02592,-0.0077884132
0.02608,-0.00700755185
0.02624,-0.00660021044
0.0264,-0.00679285266
0.02656,-0.00846045278
0.02672,-0.00818546116
0.02688,-0.00754871499
0.02704,-0.00733989663
0.0272,-0.00753106689
0.02736,-0.005728174
0.02752,-0.00830898713
0.02768,-0.00865751132
0.02784,-0.00660020951
0.028,-0.00633845013
0.02816,-0.00999865029
0.02832,-0.00847810227
0.02848,-0.00706784334
0.02864,-0.00783399865
0.0288,-0.00639874395
0.02896,-0.00718254689
0.02912,-0.00666491361
0.02928,-0.00680608768
0.02944,-0.00572081981
0.0296,-0.00570905628
0.02976,-0.00666491222
0.02992,-0.00595316757
0.03008,-0.00781929586
0.03024,-0.00604581228
0.0304,-0.00761488965
0.03056,-0.00821193215
0.03072,-0.00645021163
0.03088,-0.00793399848
0.03104,-0.00735901063
0.0312,-0.00623551104
0.03136,-0.00710313674
0.03152,-0.0085442774
0.03168,-0.00798840728
0.03184,-0.00780752907
0.032,-0.00817663781
0.03216,-0.00803105254
0.03232,-0.00626639416
0.03248,-0.00696049444
0.03264,-0.00809281692
0.0328,-0.00782958977
0.03296,-0.00851927884
0.03312,-0.00710754935
0.03328,-0.00726784114
0.03344,-0.00673844246
0.0336,-0.00625315867
0.03376,-0.00553994346
0.03392,-0.00750753842
0.03408,-0.00602228334
0.03424,-0.00831339974
0.0344,-0.00624580774
0.03456,-0.00631933426
0.03472,-0.00516642397
0.03488,-0.0070399018
0.03504,-0.00760900602
0.0352,-0.00812811218
0.03536,-0.00691490714
0.03552,-0.00577375991
0.03568,-0.00615316303
0.03584,-0.00866633002
0.036,-0.00715607824
0.03616,-0.00742518948
0.03632,-0.00821634475
0.03648,-0.00857515913
0.03664,-0.0075001847
0.0368,-0.00707225828
0.03696,-0.00765900686
0.03712,-0.00721195992
0.03728,-0.0080766445
0.03744,-0.00913837552
0.0376,-0.0107986312
0.03776,-0.0114515554
0.03792,-0.00857809931
0.03808,-0.00782664958
0.03824,-0.0083854571
0.0384,-0.00930748973
0.03856,-0.0100854123
0.03872,-0.00972218905
0.03888,-0.0106721614
0.03904,-0.0115809627
0.0392,-0.0110471519
0.03936,-0.00865015388
0.03952,-0.00950895622
0.03968,-0.00894867443
0.03984,-0.00812516827
0.04,-0.00856486429
0.04016,-0.00944572408
0.04032,-0.0092942575
0.04048,-0.00971630588
0.04064,-0.00895014964
0.0408,-0.00998394378
0.04096,-0.0110589154
0.04112,-0.00878397748
0.04128,-0.00888838619
0.04144,-0.00969130453
0.0416,-0.0114544937
0.04176,-0.0117941899
0.04192,-0.0116089042
0.04208,-0.01045305
0.04224,-0.0102559961
0.0424,-0.00888838433
0.04256,-0.00971042179
0.04272,-0.0103662871
0.04288,-0.0120206568
0.04304,-0.0123750595
0.0432,-0.0109589212
0.04336,-0.0102559933
0.04352,-0.0110030361
0.04368,-0.0107530393
0.04384,-0.00866927393
0.044,-0.0122559443
0.04416,-0.0101324692
0.04432,-0.0115927272
0.04448,-0.00988247804
0.04464,-0.00997217838
0.0448,-0.009029557
0.04496,-0.0106265778
0.04512,-0.0115706678
0.04528,-0.0101854093
0.04544,-0.0082192868
0.0456,-0.00919425674
0.04576,-0.00855751056
0.04592,-0.0104971658
0.04608,-0.00976630487
0.04624,-0.0107192211
0.0464,-0.0100854114
0.04656,-0.00710901991
0.04672,-0.00987659488
0.04688,-0.00862956699
0.04704,-0.00922367256
0.0472,-0.00899573602
0.04736,-0.0108677438
0.04752,-0.00788841024
0.04768,-0.00940013956
0.04784,-0.00989865325
0.048,-0.010450107
0.04816,-0.0100574726
0.04832,-0.0104442285
0.04848,-0.00796634797
0.04864,-0.0101133548
0.0488,-0.0104662869
0.04896,-0.0102442307
0.04912,-0.0108059822
0.04928,-0.0101192361
0.04944,-0.00953248702
0.0496,-0.00965012703
0.04976,-0.00706196204
0.04992,-0.00903544109
0.05008,-0.00894132257
0.05024,-0.00905161723
0.0504,-0.00966924801
0.05056,-0.00857957173
0.05072,-0.00956336781
0.05088,-0.00866486225
0.05104,-0.00825457834
0.0512,-0.00797370169
0.05136,-0.00682520214
0.05152,-0.00836928189
0.05168,-0.00868986174
0.05184,-0.0103986394
0.052,-0.00866486132
0.05216,-0.0103942277
0.05232,-0.0109045086
0.05248,-0.0089633828
0.05264,-0.00676344242
0.0528,-0.00766488723
0.05296,-0.0104883434
0.05312,-0.010016297
0.05328,-0.00951778237
0.05344,-0.0100207124
0.0536,-0.0106353993
0.05376,-0.0114530241
0.05392,-0.0120677156
0.05408,-0.0112986183
0.05424,-0.0102707008
0.0544,-0.0105206957
0.05456,-0.0109177465
0.05472,-0.00980306789
0.05488,-0.00995159335
0.05504,-0.0115486104
0.0552,-0.0104398141
0.05536,-0.0113147916
0.05552,-0.0118089002
0.05568,-0.0104059903
0.05584,-0.010653045
0.056,-0.0116603738
0.05616,-0.00902514905
0.05632,-0.0097413063
0.05648,-0.0102589382
0.05664,-0.0107883336
0.0568,-0.0113589047
0.05696,-0.0114500811
0.05712,-0.0115265511
0.05728,-0.0113192042
0.05744,-0.00981483329
0.0576,-0.00985012576
0.05776,-0.0093707284
0.05792,-0.0118603641
0.05808,-0.0111192092
0.05824,-0.00994571205
0.0584,-0.011473611
0.05856,-0.0128573962
0.05872,-0.0115353726
0.05888,-0.0113177346
0.05904,-0.0117147816
0.0592,-0.0122603532
0.05936,-0.0112059703
0.05952,-0.0119868368
0.05968,-0.0150117548
0.05984,-0.0135382637
0.06,-0.0114750816
0.06016,-0.0101618813
0.06032,-0.0134279728
0.06048,-0.0132191554
0.06064,-0.0105177555
0.0608,-0.0123132952
0.06096,-0.0115912594
0.06112,-0.012047126
0.06128,-0.0115589043
0.06144,-0.0117986016
0.0616,-0.0113324374
0.06176,-0.0111809717
0.06192,-0.0119221257
0.06208,-0.00974571519
0.06224,-0.0101251174
0.0624,-0.00984865241
0.06256,-0.00944572221
0.06272,-0.0103251124
0.06288,-0.00974865723
0.06304,-0.0101824682
0.0632,-0.00928543415
0.06336,-0.00923543517
0.06352,-0.00942366384
0.06368,-0.00990306586
0.06384,-0.0101398211
0.064,-0.0121103581
0.06416,-0.0129294582
0.06432,-0.0109897982
0.06448,-0.0103898169
0.06464,-0.0100560002
0.0648,-0.0083575137
0.06496,-0.0103089362
0.06512,-0.00973836146
0.06528,-0.00835016277
0.06544,-0.0109133301
0.0656,-0.0107706878
0.06576,-0.0124632912
0.06592,-0.0118015436
0.06608,-0.0114574376
0.06624,-0.00818252191
0.0664,-0.00856780168
0.06656,-0.00800899509
0.06672,-0.00987953413
0.06688,-0.0118280128
0.06704,-0.011444198
0.0672,-0.00995159149
0.06736,-0.00867074449
0.06752,-0.00822369568
0.06768,-0.00957513135
0.06784,-0.00858692266
0.068,-0.00995747373
0.06816,-0.00962071959
0.06832,-0.00930161402
0.06848,-0.00953983795
0.06864,-0.0104692234
0.0688,-0.0098383585
0.06896,-0.0101148235
0.06912,-0.00848986674
0.06928,-0.00913249422
0.06944,-0.0104383435
0.0696,-0.0110809747
0.06976,-0.0100060031
0.06992,-0.00901926309
0.07008,-0.00985747669
0.07024,-0.011476554
0.0704,-0.0105986353
0.07056,-0.0108559802
0.07072,-0.0112927351
0.07088,-0.0114456732
0.07104,-0.0105442246
0.0712,-0.0113500878
0.07136,-0.0109295109
0.07152,-0.0113044968
0.07168,-0.0113339107
0.07184,-0.0131338602
0.072,-0.0124779977
0.07216,-0.0106001068
0.07232,-0.00947366282
0.07248,-0.0115618445
0.07264,-0.0126985805
0.0728,-0.0117059592
0.07296,-0.0123250615
0.07312,-0.0107118664
0.07328,-0.0098765986
0.07344,-0.0114280265
0.0736,-0.0121485945
0.07376,-0.0103971697
0.07392,-0.0119721275
0.07408,-0.0118206646
0.07424,-0.011292736
0.0744,-0.0111309728
0.07456,-0.0108883325
0.07472,-0.011726548
0.07488,-0.0112647936
0.07504,-0.0119280126
0.0752,-0.0126235839
0.07536,-0.0110618575
0.07552,-0.0134338532
0.07568,-0.0139059024
0.07584,-0.0131897433
0.076,-0.0118147787
0.07616,-0.0135764964
0.07632,-0.012236828
0.07648,-0.0141353086
0.07664,-0.012797107
0.0768,-0.0136220865
0.07696,-0.0123265311
0.07712,-0.0123397671
0.07728,-0.0117427232
0.07744,-0.0120691862
0.0776,-0.0118486034
0.07776,-0.012552998
0.07792,-0.010776571
0.07808,-0.0113809677
0.07824,-0.0123294713
0.0784,-0.0107736299
0.07856,-0.0113045014
0.07872,-0.00999865122
0.07888,-0.0118280156
0.07904,-0.0105368737
0.0792,-0.0114971381
0.07936,-0.0098898299
0.07952,-0.00959277619
0.07968,-0.0106148096
0.07984,-0.0114368498
0.08,-0.0102324663
0.08016,-0.00945895724
0.08032,-0.0111000929
0.08048,-0.0122250607
0.08064,-0.011947128
0.0808,-0.0108971559
0.08096,-0.0103809936
0.08112,-0.0110030342
0.08128,-0.0102751115
0.08144,-0.0111824414
0.0816,-0.0129162213
0.08176,-0.00969865546
0.08192,-0.0102427593
0.08208,-0.0125662265
0.08224,-0.0114986114
0.0824,-0.0095780734
0.08256,-0.0096089514
0.08272,-0.0112618525
0.08288,-0.0127250487
0.08304,-0.00857074745
0.0832,-0.0109442137
0.08336,-0.0104515785
0.08352,-0.00906043965
0.08368,-0.0102692321
0.08384,-0.00955307577
0.084,-0.00999865122
0.08416,-0.0106618647
0.08432,-0.0100398259
0.08448,-0.00956189912
0.08464,-0.00775753334
0.0848,-0.0105956923
0.08496,-0.0106706927
0.08512,-0.00819281396
0.08528,-0.0108971568
0.08544,-0.0104206996
0.0856,-0.0108206887
0.08576,-0.0116383145
0.08592,-0.00960160326
0.08608,-0.00896632299
0.08624,-0.0104456991
0.0864,-0.0122088864
0.08656,-0.00975306798
0.08672,-0.0104662841
0.08688,-0.0117544858
0.08704,-0.0129544521
0.0872,-0.0120721254
0.08736,-0.010379524
0.08752,-0.012544171
0.08768,-0.0123030031
0.08784,-0.0111089172
0.088,-0.0112368539
0.08816,-0.0106633389
0.08832,-0.0129279848
0.08848,-0.0127529912
0.08864,-0.0126559343
0.0888,-0.0110647995
0.08896,-0.0123397652
0.08912,-0.0121221272
0.08928,-0.0106883375
0.08944,-0.0124632921
0.0896,-0.0129779847
0.08976,-0.0113750864
0.08992,-0.0110030379
0.09008,-0.0127162281
0.09024,-0.0111912666
0.0904,-0.0114103798
0.09056,-0.0116441948
0.09072,-0.0109853875
0.09088,-0.0117574269
0.09104,-0.0119941887
0.0912,-0.0132103302
0.09136,-0.0122088883
0.09152,-0.0122015355
0.09168,-0.0119574266
0.09184,-0.0133220926
0.092,-0.012220649
0.09216,-0.0135426745
0.09232,-0.011150091
0.09248,-0.0119485985
0.09264,-0.0139647257
0.0928,-0.0144397123
0.09296,-0.0146558797
0.09312,-0.0135985557
0.09328,-0.0138029652
0.09344,-0.0129794562
0.0936,-0.011733898
0.09376,-0.0123750586
0.09392,-0.0124265254
0.09408,-0.0134294434
0.09424,-0.0126868142
0.0944,-0.0130044539
0.09456,-0.0125618167
0.09472,-0.0126118176
0.09488,-0.012939753
0.09504,-0.0132044498
0.0952,-0.0119662452
0.09536,-0.0124985874
0.09552,-0.0112059722
0.09568,-0.0115839019
0.09584,-0.0116074309
0.096,-0.00967512745
0.09616,-0.0118236002
0.09632,-0.0119515378
0.09648,-0.011683899
0.09664,-0.0122971181
0.0968,-0.0120015377
0.09696,-0.011810367
0.09712,-0.0114059672
0.09728,-0.0123030022
0.09744,-0.0121956505
0.0976,-0.010700102
0.09776,-0.0117765451
0.09792,-0.0127500519
0.09808,-0.0124221183
0.09824,-0.0122515289
0.0984,-0.00943395775
0.09856,-0.0106383413
0.09872,-0.0118618365
0.09888,-0.0125897564
0.09904,-0.0132382708
0.0992,-0.0124118226
0.09936,-0.0128235742
0.09952,-0.0132118016
0.09968,-0.0115236128
0.09984,-0.0111236228
0.1,-0.010982451
0.10016,-0.0112956734
0.10032,-0.0106677487
0.10048,-0.0100251194
0.10064,-0.0101986462
0.1008,-0.0101942336
0.10096,-0.00976483524
0.10112,-0.0108721564
0.10128,-0.0105853993
0.10144,-0.0108574517
0.1016,-0.0124853533
0.10176,-0.0120250676
0.10192,-0.0111721484
0.10208,-0.011013329
0.10224,-0.0112897921
0.1024,-0.0119044799
0.10256,-0.0112162661
0.10272,-0.011147147
0.10288,-0.0115927262
0.10304,-0.010216292
0.1032,-0.011686841
0.10336,-0.0126824053
0.10352,-0.0127544627
0.10368,-0.0114824353
0.10384,-0.0130603351
0.104,-0.0119897723
0.10416,-0.0117809568
0.10432,-0.0105295181
0.10448,-0.0127515187
0.10464,-0.0121574141
0.1048,-0.0129941618
0.10496,-0.0134926755
0.10512,-0.0135617927
0.10528,-0.013163276
0.10544,-0.0141103063
0.1056,-0.0141353067
0.10576,-0.0111692082
0.10592,-0.0125956424
0.10608,-0.0136382608
0.10624,-0.0127015226
0.1064,-0.0130015137
0.10656,-0.0120927151
0.10672,-0.0129588647
0.10688,-0.013383857
0.10704,-0.0127456356
0.1072,-0.0117427222
0.10736,-0.0102927582
0.10752,-0.0117353695
0.10768,-0.0130882775
0.10784,-0.0131794531
0.108,-0.013513267
0.10816,-0.0129926885
0.10832,-0.0135632651
0.10848,-0.0143353045
0.10864,-0.013144156
0.1088,-0.0138073731
0.10896,-0.0143691227
0.10912,-0.0133941472
0.10928,-0.0141867762
0.10944,-0.0134029724
0.1096,-0.014791172
0.10976,-0.0136823785
0.10992,-0.0147897014
0.11008,-0.0137073761
0.11024,-0.0121074207
0.1104,-0.0136573808
0.11056,-0.0137059037
0.11072,-0.0149220498
0.11088,-0.013591202
0.11104,-0.0131970942
0.1112,-0.0139014889
0.11136,-0.0136897303
0.11152,-0.0125779938
0.11168,-0.0131309191
0.11184,-0.0128529863
0.112,-0.01331033
0.11216,-0.0127176978
0.11232,-0.0126529932
0.11248,-0.0130603332
0.11264,-0.0111103868
0.1128,-0.0116853723
0.11296,-0.0124588758
0.11312,-0.0108162761
0.11328,-0.0124985827
0.11344,-0.0127456356
0.1136,-0.0109971538
0.11376,-0.011676548
0.11392,-0.0117574241
0.11408,-0.0138779609
0.11424,-0.0129985707
0.1144,-0.0124088796
0.11456,-0.0130470991
0.11472,-0.0133647388
0.11488,-0.0116897812
0.11504,-0.010466286
0.1152,-0.0118618384
0.11536,-0.0112397941
0.11552,-0.0123529974
0.11568,-0.014177951
0.11584,-0.0124441758
0.116,-0.012050068
0.11616,-0.0100692352
0.11632,-0.0101280576
0.11648,-0.0121456506
0.11664,-0.0120191863
0.1168,-0.0113000851
0.11696,-0.0132353306
0.11712,-0.0120162433
0.11728,-0.00967071764
0.11744,-0.0118603669
0.1176,-0.0113089103
0.11776,-0.0103751095
0.11792,-0.0115956664
0.11808,-0.0108412765
0.11824,-0.0107809855
0.1184,-0.0116883125
0.11856,-0.0125265243
0.11872,-0.0120015386
0.11888,-0.0113780275
0.11904,-0.0115162572
0.1192,-0.0117574288
0.11936,-0.0129765142
0.11952,-0.0119177178
0.11968,-0.0119603649
0.11984,-0.0120103639
0.12,-0.0110147996
0.12016,-0.0122838849
0.12032,-0.0153014502
0.12048,-0.0121559454
0.12064,-0.0133676827
0.1208,-0.0144926533
0.12096,-0.0125853494
0.12112,-0.0123382984
0.12128,-0.0133412099
0.12144,-0.0116559593
0.1216,-0.0126176951
0.12176,-0.0120677138
0.12192,-0.0145529453
0.12208,-0.0135573782
0.12224,-0.0138706062
0.1224,-0.0135941459
0.12256,-0.0131823905
0.12272,-0.0124838799
0.12288,-0.0132823857
0.12304,-0.0136250248
0.1232,-0.0131544489
0.12336,-0.0132456208
0.12352,-0.0146808811
0.12368,-0.0138103142
0.12384,-0.0125647597
0.124,-0.0113589112
0.12416,-0.0129441582
0.12432,-0.01239271
0.12448,-0.0141485417
0.12464,-0.0137941409
0.1248,-0.0147470534
0.12496,-0.0135794403
0.12512,-0.0125368182
0.12528,-0.0135838501
0.12544,-0.0145926476
0.1256,-0.0140220746
0.12576,-0.0139397252
0.12592,-0.0147749986
0.12608,-0.0162440762
0.12624,-0.0137044359
0.1264,-0.0144617679
0.12656,-0.0160587896
0.12672,-0.0138779599
0.12688,-0.0129603371
0.12704,-0.012970631
0.1272,-0.0136926696
0.12736,-0.0137367882
0.12752,-0.0157837942
0.12768,-0.0154043892
0.12784,-0.0129471021
0.128,-0.0145367663
0.12816,-0.0123235872
0.12832,-0.0121250674
0.12848,-0.0134265004
0.12864,-0.0126853473
0.1288,-0.0114221442
0.12896,-0.0143235363
0.12912,-0.0128471088
0.12928,-0.0124162333
0.12944,-0.0124397622
0.1296,-0.0130456313
0.12976,-0.0128338682
0.12992,-0.0105471648
0.13008,-0.0121853584
0.13024,-0.0126015237
0.1304,-0.0123721166
0.13056,-0.011697134
0.13072,-0.0122824116
0.13088,-0.0134838521
0.13104,-0.0128662204
0.1312,-0.0121015357
0.13136,-0.0128368102
0.13152,-0.01371767
0.13168,-0.0119191883
0.13184,-0.0136132594
0.132,-0.0118059572
0.13216,-0.0128147528
0.13232,-0.0151102794
0.13248,-0.0121530062
0.13264,-0.0110677388
0.1328,-0.0125618186
0.13296,-0.0114427311
0.13312,-0.0137250265
0.13328,-0.0109192152
0.13344,-0.0114956638
0.1336,-0.0124956444
0.13376,-0.0124059375
0.13392,-0.0122853564
0.13408,-0.0104574636
0.13424,-0.0120677128
0.1344,-0.0110339178
0.13456,-0.0106265759
0.13472,-0.0108250966
0.13488,-0.0102515835
0.13504,-0.0118383067
0.1352,-0.0123779997
0.13536,-0.0130603351
0.13552,-0.0126382876
0.13568,-0.0118765412
0.13584,-0.0139367823
0.136,-0.0111853834
0.13616,-0.0143029485
0.13632,-0.0121471211
0.13648,-0.0116721345
0.13664,-0.0126765231
0.1368,-0.0117838942
0.13696,-0.013570616
0.13712,-0.0133706219
0.13728,-0.0141044259
0.13744,-0.0133779757
0.1376,-0.0122397672
0.13776,-0.0118736038
0.13792,-0.015047051
0.13808,-0.0147088207
0.13824,-0.0137029672
0.1384,-0.0149323447
0.13856,-0.0138441371
0.13872,-0.014004427
0.13888,-0.0138956085
0.13904,-0.0144367721
0.1392,-0.0144029455
0.13936,-0.013570616
0.13952,-0.0126882857
0.13968,-0.0154146841
0.13984,-0.0139176659
0.14,-0.0126485815
0.14016,-0.0136456145
0.14032,-0.0123000629
0.14048,-0.0124544678
0.14064,-0.0133941509
0.1408,-0.013033865
0.14096,-0.0133323865
0.14112,-0.01270446
0.14128,-0.0136823775
0.14144,-0.0140500143
0.1416,-0.0135000311
0.14176,-0.0133500313
0.14192,-0.0137838488
0.14208,-0.0160955526
0.14224,-0.0135147367
0.1424,-0.0144691216
0.14256,-0.0144676482
0.14272,-0.0153882112
0.14288,-0.0146485278
0.14304,-0.014283835
0.1432,-0.0161293726
0.14336,-0.0137985507
0.14352,-0.0138000194
0.14368,-0.0130382776
0.14384,-0.0135985548
0.144,-0.0141411889
0.14416,-0.0151161626
0.14432,-0.0143426536
0.14448,-0.0143411811
0.14464,-0.014427945
0.1448,-0.0130971
0.14496,-0.0135235572
0.14512,-0.0143088335
0.14528,-0.0137632582
0.14544,-0.0145985298
0.1456,-0.013833845
0.14576,-0.0125279967
0.14592,-0.0127221094
0.14608,-0.0135897342
0.14624,-0.0131059214
0.1464,-0.0141117778
0.14656,-0.0127559304
0.14672,-0.0130015127
0.14688,-0.0124118216
0.14704,-0.0121853575
0.1472,-0.0133353248
0.14736,-0.0137559045
0.14752,-0.0137647269
0.14768,-0.0135470843
0.14784,-0.0141455987
0.148,-0.0127073983
0.14816,-0.0117412498
0.14832,-0.012030948
0.14848,-0.0117456634
0.14864,-0.0127162244
0.1488,-0.0145514719
0.14896,-0.0142823616
0.14912,-0.0149191087
0.14928,-0.0129647497
0.14944,-0.0131397424
0.1496,-0.0129294544
0.14976,-0.0113559663
0.14992,-0.011886836
0.15008,-0.0124030001
0.15024,-0.0131970923
0.1504,-0.0148573443
0.15056,-0.0122588836
0.15072,-0.0125427032
0.15088,-0.0119250715
0.15104,-0.012333882
0.1512,-0.0108986255
0.15136,-0.0109868627
0.15152,-0.00896632299
0.15168,-0.0121559463
0.15184,-0.012276534
0.152,-0.0122088864
0.15216,-0.012710344
0.15232,-0.0125088785
0.15248,-0.0127368132
0.15264,-0.0121765342
0.1528,-0.0131882709
0.15296,-0.013500032
0.15312,-0.0120265372
0.15328,-0.0118236011
0.15344,-0.0131279826
0.1536,-0.0123985866
0.15376,-0.014688232
0.15392,-0.0131500382
0.15408,-0.0137853157
0.15424,-0.0141985416
0.1544,-0.0142088383
0.15456,-0.013247096
0.15472,-0.0148426415
0.15488,-0.0144308889
0.15504,-0.0135485604
0.1552,-0.0143852998
0.15536,-0.0137779638
0.15552,-0.0139294304
0.15568,-0.0135926763
0.15584,-0.0122412378
0.156,-0.0137162013
0.15616,-0.0141382487
0.15632,-0.0137632601
0.15648,-0.0143926535
0.15664,-0.0127765173
0.1568,-0.0122059481
0.15696,-0.0138853136
0.15712,-0.0138897253
0.15728,-0.0124544706
0.15744,-0.0139617799
0.1576,-0.0144911781
0.15776,-0.0152896885
0.15792,-0.0137544321
0.15808,-0.0149529316
0.15824,-0.0127206398
0.1584,-0.014226486
0.15856,-0.0144161824
0.15872,-0.0156779122
0.15888,-0.0154499765
0.15904,-0.0131779788
0.1592,-0.0140735423
0.15936,-0.0155617362
0.15952,-0.015341159
0.15968,-0.0167381801
0.15984,-0.0142279509
0.16,-0.0140029574
0.16016,-0.0148999952
0.16032,-0.0148617607
0.16048,-0.0146147059
0.16064,-0.0158617329
0.1608,-0.0162793659
0.16096,-0.0140103083
0.16112,-0.0137029616
0.16128,-0.0144691216
0.16144,-0.0138485488
0.1616,-0.0132059194
0.16176,-0.014088247
0.16192,-0.0144352987
0.16208,-0.0140058957
0.16224,-0.0136470832
0.1624,-0.0147029366
0.16256,-0.0140073681
0.16272,-0.0132529736
0.16288,-0.0145735312
0.16304,-0.0125559364
0.1632,-0.0122397663
0.16336,-0.0121294772
0.16352,-0.0125647588
0.16368,-0.0130397463
0.16384,-0.0142058907
0.164,-0.0135559114
0.16416,-0.0144044189
0.16432,-0.0148558747
0.16448,-0.0123515297
0.16464,-0.0135382628
0.1648,-0.0147220567
0.16496,-0.0138926646
0.16512,-0.012303004
0.16528,-0.0131632723
0.16544,-0.0139294267
0.1656,-0.0136500271
0.16576,-0.0149102863
0.16592,-0.0140088387
0.16608,-0.0126382848
0.16624,-0.0130368043
0.1664,-0.0124074118
0.16656,-0.0140603082
0.16672,-0.0125985825
0.16688,-0.0111456821
0.16704,-0.0129044587
0.1672,-0.0120971249
0.16736,-0.0127574001
0.16752,-0.0130191585
0.16768,-0.0129809249
0.16784,-0.0130691603
0.168,-0.0120985946
0.16816,-0.0112986164
0.16832,-0.0126779927
0.16848,-0.0134632671
0.16864,-0.013625022
0.1688,-0.0131088598
0.16896,-0.011989776
0.16912,-0.0121250674
0.16928,-0.0131779816
0.16944,-0.0122412387
0.1696,-0.0137250246
0.16976,-0.0136162024
0.16992,-0.0132456245
0.17008,-0.0147955865
0.17024,-0.013570617
0.1704,-0.0149132246
0.17056,-0.0149264606
0.17072,-0.0137382606
0.17088,-0.0143441306
0.17104,-0.0146161774
0.1712,-0.0146867614
0.17136,-0.0137323774
0.17152,-0.0141706001
0.17168,-0.0159911457
0.17184,-0.0124677038
0.172,-0.0131471027
0.17216,-0.0144514786
0.17232,-0.0159661435
0.17248,-0.0142794196
0.17264,-0.0137367891
0.1728,-0.0142367752
0.17296,-0.0141426586
0.17312,-0.0138088437
0.17328,-0.0132941511
0.17344,-0.0132294474
0.1736,-0.0148396986
0.17376,-0.0143294232
0.17392,-0.0140338382
0.17408,-0.0145911779
0.17424,-0.0134750307
0.1744,-0.0145985307
0.17456,-0.0149191106
0.17472,-0.013770611
0.17488,-0.014351476
0.17504,-0.0138059035
0.1752,-0.0153602771
0.17536,-0.0157426167
0.17552,-0.0161676072
0.17568,-0.0146220569
0.17584,-0.0146735273
0.176,-0.013886787
0.17616,-0.014958811
0.17632,-0.0177219827
0.17648,-0.0160602555
0.17664,-0.0154279172
0.1768,-0.0148911681
0.17696,-0.0153014511
0.17712,-0.0166411232
0.17728,-0.0150146931
0.17744,-0.0149176409
0.1776,-0.014780879
0.17776,-0.0145573551
0.17792,-0.0146279419
0.17808,-0.015122043
0.17824,-0.0141808959
0.1784,-0.0134897344
0.17856,-0.014004427
0.17872,-0.0156058557
0.17888,-0.0135176759
0.17904,-0.0132823884
0.1792,-0.013023573
0.17936,-0.0143117746
0.17952,-0.013541203
0.17968,-0.0150426347
0.17984,-0.0146235321
0.18,-0.0139735453
0.18016,-0.0141103072
0.18032,-0.0136117889
0.18048,-0.0123427082
0.18064,-0.0128265154
0.1808,-0.0133691505
0.18096,-0.0119030103
0.18112,-0.0146382321
0.18128,-0.0147352926
0.18144,-0.0165264197
0.1816,-0.0141632464
0.18176,-0.0154970372
0.18192,-0.0138985477
0.18208,-0.0142897116
0.18224,-0.0148794055
0.1824,-0.0144749992
0.18256,-0.0139323696
0.18272,-0.014514707
0.18288,-0.0118456613
0.18304,-0.0134000303
0.1832,-0.0123103522
0.18336,-0.0138176689
0.18352,-0.0139970733
0.18368,-0.0125897592
0.18384,-0.0122177079
0.184,-0.0119471271
0.18416,-0.0136265
0.18432,-0.0143264746
0.18448,-0.0126294615
0.18464,-0.0111206789
0.1848,-0.0124412337
0.18496,-0.0122103542
0.18512,-0.0136059104
0.18528,-0.0141632482
0.18544,-0.0131897423
0.1856,-0.0125441737
0.18576,-0.0139382556
0.18592,-0.0122338859
0.18608,-0.0129750418
0.18624,-0.0124471122
0.1864,-0.0141882505
0.18656,-0.0138588464
0.18672,-0.0128088724
0.18688,-0.0133779719
0.18704,-0.0129882805
0.1872,-0.0136706149
0.18736,-0.015357336
0.18752,-0.0141544258
0.18768,-0.014920583
0.18784,-0.0154632134
0.188,-0.0160426125
0.18816,-0.0140853077
0.18832,-0.0163102485
0.18848,-0.0140382517
0.18864,-0.0153985098
0.1888,-0.0133176865
0.18896,-0.0135132633
0.18912,-0.0148441149
0.18928,-0.0146500031
0.18944,-0.0144279469
0.1896,-0.0153838051
0.18976,-0.014480887
0.18992,-0.0145617686
0.19008,-0.0130500412
0.19024,-0.013175034
0.1904,-0.0150220469
0.19056,-0.0139117856
0.19072,-0.0150264613
0.19088,-0.0164749529
0.19104,-0.0143308872
0.1912,-0.0142514789
0.19136,-0.0146882348
0.19152,-0.0147499982
0.19168,-0.0159279071
0.19184,-0.0154838013
0.192,-0.0157087948
0.19216,-0.0150691066
0.19232,-0.0153485117
0.19248,-0.0145558827
0.19264,-0.0144852959
0.1928,-0.0166970044
0.19296,-0.0168587659
0.19312,-0.0157161485
0.19328,-0.0145911789
0.19344,-0.0148499953
0.1936,-0.01569115
0.19376,-0.0142117729
0.19392,-0.0149838123
0.19408,-0.0154058617
0.19424,-0.0158411469
0.1944,-0.0152823366
0.19456,-0.0145852948
0.19472,-0.0155293914
0.19488,-0.0154293925
0.19504,-0.0142441317
0.1952,-0.0154735073
0.19536,-0.0143323597
0.19552,-0.0143882399
0.19568,-0.0141544277
0.19584,-0.013980899
0.196,-0.0127103403
0.19616,-0.015248511
0.19632,-0.0143294167
0.19648,-0.0129662165
0.19664,-0.0117647806
0.1968,-0.0144088278
0.19696,-0.0146602914
0.19712,-0.0140000163
0.19728,-0.0139838392
0.19744,-0.0122397672
0.1976,-0.0125471111
0.19776,-0.014083839
0.19792,-0.0151102822
0.19808,-0.0136294356
0.19824,-0.0151882153
0.1984,-0.0144044161
0.19856,-0.0141470712
0.19872,-0.0141235404
0.19888,-0.014838228
0.19904,-0.013200039
0.1992,-0.0128441621
0.19936,-0.0155558614
0.19952,-0.0137250237
0.19968,-0.0139941331
0.19984,-0.011960363
0.2,-0.0131603312
0.20016,-0.0136573752
0.20032,-0.0133367991
0.20048,-0.0135191483
0.20064,-0.0111897988
0.2008,-0.0139470752
0.20096,-0.0117427241
0.20112,-0.0139411921
0.20128,-0.0112589085
0.20144,-0.012063304
0.2016,-0.0130823925
0.20176,-0.0126956394
0.20192,-0.0112853814
0.20208,-0.0147588179
0.20224,-0.0157352649
0.2024,-0.01321474
0.20256,-0.0123456446
0.20272,-0.0136103174
0.20288,-0.012660346
0.20304,-0.0131279817
0.2032,-0.0126338731
0.20336,-0.0140117789
0.20352,-0.0133132683
0.20368,-0.0142367734
0.20384,-0.0140794246
0.204,-0.01418678
0.20416,-0.0136323832
0.20432,-0.0142691294
0.20448,-0.0133838532
0.20464,-0.0140808988
0.2048,-0.0139823658
0.20496,-0.0148426425
0.20512,-0.015274981
0.20528,-0.0144676529
0.20544,-0.014541178
0.2056,-0.0146014709
0.20576,-0.0156014478
0.20592,-0.0140941311
0.20608,-0.0145264706
0.20624,-0.014107368
0.2064,-0.0139279598
0.20656,-0.0150323445
0.20672,-0.014288241
0.20688,-0.0141808912
0.20704,-0.0152573315
0.2072,-0.0149911679
0.20736,-0.0128088761
0.20752,-0.0146808829
0.20768,-0.0154367434
0.20784,-0.0143632405
0.208,-0.0160808451
0.20816,-0.0154661555
0.20832,-0.015377922
0.20848,-0.0143323597
0.20864,-0.0147985239
0.2088,-0.0160337854
0.20896,-0.0176513959
0.20912,-0.0161323156
0.20928,-0.0153661584
0.20944,-0.0167249441
0.2096,-0.0159220267
0.20976,-0.0161529016
0.20992,-0.0158337932
0.21008,-0.0150073431
0.21024,-0.0144264754
0.2104,-0.0166631807
0.21056,-0.0159984902
0.21072,-0.0156514421
0.21088,-0.0159205534
0.21104,-0.0159293767
0.2112,-0.0150764566
0.21136,-0.0150705762
0.21152,-0.0151176369
0.21168,-0.0155455591
0.21184,-0.0126059353
0.212,-0.0139691364
0.21216,-0.0136985518
0.21232,-0.0150499884
0.21248,-0.0127265183
0.21264,-0.0135456165
0.2128,-0.0129412226
0.21296,-0.0152249839
0.21312,-0.0140735414
0.21328,-0.0130000422
0.21344,-0.0137117868
0.2136,-0.0136309098
0.21376,-0.0145411752
0.21392,-0.0147691118
0.21408,-0.0126015218
0.21424,-0.0149367573
0.2144,-0.0127926953
0.21456,-0.0142132472
0.21472,-0.0142132435
0.21488,-0.013767668
0.21504,-0.0124897612
0.2152,-0.01491764
0.21536,-0.0149999885
0.21552,-0.0155205652
0.21568,-0.0141500123
0.21584,-0.0131073901
0.216,-0.0130647477
0.21616,-0.0152029283
0.21632,-0.0142382439
0.21648,-0.0141264796
0.21664,-0.0127897533
0.2168,-0.0120280087
0.21696,-0.0133779729
0.21712,-0.0128029883
0.21728,-0.0115441959
0.21744,-0.0142735392
0.2176,-0.0142397173
0.21776,-0.0115721365
0.21792,-0.0140823666
0.21808,-0.014310305
0.21824,-0.0110603869
0.2184,-0.0124956463
0.21856,-0.0133735603
0.21872,-0.0135750286
0.21888,-0.0129073961
0.21904,-0.0153676262
0.2192,-0.0136838481
0.21936,-0.0136794336
0.21952,-0.013070629
0.21968,-0.0131838592
0.21984,-0.0139382556
0.22,-0.0150176315
0.22016,-0.0147941122
0.22032,-0.0159749649
0.22048,-0.0148588168
0.22064,-0.0144558894
0.2208,-0.0141279567
0.22096,-0.0141353095
0.22112,-0.0150338169
0.22128,-0.0143264802
0.22144,-0.0157793798
0.2216,-0.015299987
0.22176,-0.0151338121
0.22192,-0.0141794244
0.22208,-0.0133382697
0.22224,-0.0149617568
0.2224,-0.0146397073
0.22256,-0.0143470662
0.22272,-0.0158426166
0.22288,-0.0152779249
0.22304,-0.0154735073
0.2232,-0.0138853109
0.22336,-0.0152646946
0.22352,-0.0168367103
0.22368,-0.0149985189
0.22384,-0.0129176928
0.224,-0.0136044398
0.22416,-0.0150161684
0.22432,-0.0144485328
0.22448,-0.0137382587
0.22464,-0.0151146948
0.2248,-0.0150220487
0.22496,-0.0156985018
0.22512,-0.0156867374
0.22528,-0.0167308319
0.22544,-0.0142750079
0.2256,-0.0166131817
0.22576,-0.0148161724
0.22592,-0.0158426147
0.22608,-0.0160749629
0.22624,-0.0177852064
0.2264,-0.0166323017
0.22656,-0.0163587816
0.22672,-0.0139132524
0.22688,-0.0149249937
0.22704,-0.0170043465
0.2272,-0.0162823088
0.22736,-0.0165278912
0.22752,-0.0166367106
0.22768,-0.0158470236
0.22784,-0.0153382178
0.228,-0.0152882179
0.22816,-0.0162176061
0.22832,-0.0136559075
0.22848,-0.0140956044
0.22864,-0.0133485636
0.2288,-0.0135367904
0.22896,-0.013570617
0.22912,-0.0156161506
0.22928,-0.0144558856
0.22944,-0.0132073872
0.2296,-0.0139897214
0.22976,-0.0147897024
0.22992,-0.0140529545
0.23008,-0.0141823636
0.23024,-0.0157984979
0.2304,-0.0135162035
0.23056,-0.0147308819
0.23072,-0.0151882181
0.23088,-0.014194129
0.23104,-0.0140970703
0.2312,-0.0138559034
0.23136,-0.0135367941
0.23152,-0.0137941381
0.23168,-0.0148191117
0.23184,-0.0142132444
0.232,-0.0148161724
0.23216,-0.0127868112
0.23232,-0.0143764773
0.23248,-0.0158485025
0.23264,-0.0147455847
0.2328,-0.0125588765
0.23296,-0.0139485477
0.23312,-0.0139558977
0.23328,-0.0134838512
0.23344,-0.0131617971
0.2336,-0.0133765023
0.23376,-0.0142514789
0.23392,-0.0125985807
0.23408,-0.0136073753
0.23424,-0.0135176769
0.2344,-0.0126265222
0.23456,-0.0121956477
0.23472,-0.0138147241
0.23488,-0.0136529682
0.23504,-0.014554413
0.2352,-0.0154940924
0.23536,-0.0135912029
0.23552,-0.0114956694
0.23568,-0.0130353384
0.23584,-0.0130485687
0.236,-0.0134750325
0.23616,-0.0143308882
0.23632,-0.0131309219
0.23648,-0.0139691373
0.23664,-0.01462794
0.2368,-0.0153838079
0.23696,-0.0146000031
0.23712,-0.0144529473
0.23728,-0.0140044335
0.23744,-0.0138235474
0.2376,-0.0159499608
0.23776,-0.0135706179
0.23792,-0.014810293
0.23808,-0.0155985067
0.23824,-0.014930876
0.2384,-0.0155676259
0.23856,-0.0153705683
0.23872,-0.0159190837
0.23888,-0.0136220846
0.23904,-0.0139250215
0.2392,-0.015872024
0.23936,-0.0150102871
0.23952,-0.0144220637
0.23968,-0.0143911811
0.23984,-0.0135794384
0.24,-0.0149544002
0.24016,-0.0158132054
0.24032,-0.0150117539
0.24048,-0.0146235293
0.24064,-0.0138279647
0.2408,-0.0142308939
0.24096,-0.0138706062
0.24112,-0.0158132017
0.24128,-0.0162896607
0.24144,-0.016219072
0.2416,-0.0156396814
0.24176,-0.0150794005
0.24192,-0.0149749909
0.24208,-0.0153705692
0.24224,-0.0168749392
0.2424,-0.0148485228
0.24256,-0.0148352869
0.24272,-0.0157308541
0.24288,-0.0169690605
0.24304,-0.0161823109
0.2432,-0.0172411054
0.24336,-0.017495513
0.24352,-0.0152808679
0.24368,-0.0143676549
0.24384,-0.0150955748
0.244,-0.0166499466
0.24416,-0.0159632005
0.24432,-0.0170734636
0.24448,-0.0156985
0.24464,-0.015160284
0.2448,-0.0151646892
0.24496,-0.01529851
0.24512,-0.0152529236
0.24528,-0.0149455806
0.24544,-0.0126838759
0.2456,-0.0169293508
0.24576,-0.0150220459
0.24592,-0.0138309011
0.24608,-0.014691175
0.24624,-0.0155117409
0.2464,-0.014577942
0.24656,-0.0141044259
0.24672,-0.0134676788
0.24688,-0.0140044279
0.24704,-0.013033865
0.2472,-0.0134382686
0.24736,-0.0130926855
0.24752,-0.0133573823
0.24768,-0.0155499754
0.24784,-0.015385272
0.248,-0.0156073309
0.24816,-0.0160043761
0.24832,-0.0128941629
0.24848,-0.015327923
0.24864,-0.0145941172
0.2488,-0.0162014328
0.24896,-0.0126206391
0.24912,-0.0145749999
0.24928,-0.0146808783
0.24944,-0.014817642
0.2496,-0.0149396984
0.24976,-0.0142353037
0.24992,-0.0125529952
0.25008,-0.0143926498
0.25024,-0.0147573529
0.2504,-0.0129176956
0.25056,-0.0131735671
0.25072,-0.0125147589
0.25088,-0.0103177624
0.25104,-0.0118118385
0.2512,-0.0124926995
0.25136,-0.0136485538
0.25152,-0.0136265019
0.25168,-0.0145441182
0.25184,-0.0132250367
0.252,-0.0140088387
0.25216,-0.0149249928
0.25232,-0.0124691753
0.25248,-0.0133382697
0.25264,-0.0134456167
0.2528,-0.0137206092
0.25296,-0.0137000233
0.25312,-0.0151132243
0.25328,-0.0144750038
0.25344,-0.0132588586
0.2536,-0.0143147083
0.25376,-0.0152543988
0.25392,-0.0149058746
0.25408,-0.0147249987
0.25424,-0.014600005
0.2544,-0.0147985257
0.25456,-0.014533828
0.25472,-0.0158014409
0.25488,-0.0152911628
0.25504,-0.0137456162
0.2552,-0.0156705622
0.25536,-0.0162661374
0.25552,-0.0162337814
0.25568,-0.015197047
0.25584,-0.0144764734
0.256,-0.0145338252
0.25616,-0.0136750247
0.25632,-0.0154146915
0.25648,-0.0160734896
0.25664,-0.0150749916
0.2568,-0.013741198
0.25696,-0.0159087889
0.25712,-0.0151514588
0.25728,-0.0141500123
0.25744,-0.0132676829
0.2576,-0.0145558836
0.25776,-0.0147014679
0.25792,-0.015424978
0.25808,-0.0154073313
0.25824,-0.0152573334
0.2584,-0.0148411673
0.25856,-0.0161043741
0.25872,-0.0171925817
0.25888,-0.0165058393
0.25904,-0.01478088
0.2592,-0.0171058178
0.25936,-0.0151896905
0.25952,-0.0162337851
0.25968,-0.0173366964
0.25984,-0.0164999496
0.26,-0.0165631827
0.26016,-0.0155132059
0.26032,-0.0161014274
0.26048,-0.0159499645
0.26064,-0.0171514023
0.2608,-0.0162205435
0.26096,-0.0153514538
0.26112,-0.0152441002
0.26128,-0.0148411691
0.26144,-0.0154617419
0.2616,-0.0148955807
0.26176,-0.0161117241
0.26192,-0.0149646979
0.26208,-0.0146470582
0.26224,-0.0145705892
0.2624,-0.0136588467
0.26256,-0.0134279681
0.26272,-0.0149132246
0.26288,-0.0141691305
0.26304,-0.0143147139
0.2632,-0.0139573663
0.26336,-0.0178807974
0.26352,-0.0138838403
0.26368,-0.0140558975
0.26384,-0.0144985327
0.264,-0.0141720688
0.26416,-0.0140485447
0.26432,-0.0153911579
0.26448,-0.0146617619
0.26464,-0.0144058866
0.2648,-0.014441181
0.26496,-0.0142941214
0.26512,-0.0132853296
0.26528,-0.0138132544
0.26544,-0.0155617399
0.2656,-0.0155146811
0.26576,-0.0154220387
0.26592,-0.0156470314
0.26608,-0.0138191376
0.26624,-0.0128603382
0.2664,-0.0134250307
0.26656,-0.0146044102
0.26672,-0.0122956457
0.26688,-0.0134882685
0.26704,-0.0141029544
0.2672,-0.0125074061
0.26736,-0.01353091
0.26752,-0.0136044342
0.26768,-0.0134147359
0.26784,-0.0116912527
0.268,-0.0135412049
0.26816,-0.013170626
0.26832,-0.0138338488
0.26848,-0.0128691681
0.26864,-0.0111118592
0.2688,-0.0123471171
0.26896,-0.0122147687
0.26912,-0.014604413
0.26928,-0.0145382369
0.26944,-0.0146558825
0.2696,-0.0144382399
0.26976,-0.0144147081
0.26992,-0.0140794273
0.27008,-0.0155367404
0.27024,-0.0140397251
0.2704,-0.0146955876
0.27056,-0.0144985365
0.27072,-0.0163867176
0.27088,-0.0160220265
0.27104,-0.0146044111
0.2712,-0.0147882318
0.27136,-0.0144617669
0.27152,-0.0158352628
0.27168,-0.0152058695
0.27184,-0.0150058707
0.272,-0.0140323676
0.27216,-0.0146691129
0.27232,-0.0133426795
0.27248,-0.015588209
0.27264,-0.0146544138
0.2728,-0.0154588046
0.27296,-0.0156455636
0.27312,-0.0160705522
0.27328,-0.0148235206
0.27344,-0.0160984918
0.2736,-0.0153793935
0.27376,-0.0137323765
0.27392,-0.0154176243
0.27408,-0.0128691625
0.27424,-0.0138544319
0.2744,-0.0143000083
0.27456,-0.0159602594
0.27472,-0.0157587901
0.27488,-0.015341159
0.27504,-0.0149955824
0.2752,-0.0162308402
0.27536,-0.015867617
0.27552,-0.0155411502
0.27568,-0.0154088018
0.27584,-0.0144073591
0.276,-0.0171205252
0.27616,-0.0173719879
0.27632,-0.0168778822
0.27648,-0.018248437
0.27664,-0.015611738
0.2768,-0.0169969965
0.27696,-0.0162881911
0.27712,-0.0155367395
0.27728,-0.0175940394
0.27744,-0.0161661357
0.2776,-0.0164146554
0.27776,-0.0146117657
0.27792,-0.0135632623
0.27808,-0.0136764953
0.27824,-0.0147882309
0.2784,-0.0170190558
0.27856,-0.0157926176
0.27872,-0.0145588266
0.27888,-0.0154617401
0.27904,-0.0134617966
0.2792,-0.0142294206
0.27936,-0.0146029387
0.27952,-0.0145073552
0.27968,-0.0146470591
0.27984,-0.0128573962
0.28,-0.0130309239
0.28016,-0.0141823646
0.28032,-0.0140882479
0.28048,-0.0154588027
0.28064,-0.014164716
0.2808,-0.0139956046
0.28096,-0.013994134
0.28112,-0.0153264506
0.28128,-0.0162205435
0.28144,-0.0154470373
0.2816,-0.0133323856
0.28176,-0.0132823875
0.28192,-0.0147308754
0.28208,-0.0125721088
0.28224,-0.0152955716
0.2824,-0.0154176261
0.28256,-0.0156440847
0.28272,-0.0143529465
0.28288,-0.0134765003
0.28304,-0.0140676619
0.2832,-0.0137029635
0.28336,-0.0135103203
0.28352,-0.0140220718
0.28368,-0.0136970822
0.28384,-0.0129765142
0.284,-0.0124118226
0.28416,-0.0152999861
0.28432,-0.0145044122
0.28448,-0.0119985966
0.28464,-0.0124456435
0.2848,-0.0141220707
0.28496,-0.0137294317
0.28512,-0.0136220846
0.28528,-0.0129426885
0.28544,-0.0135912048
0.2856,-0.0150808683
0.28576,-0.0141191315
0.28592,-0.0145455915
0.28608,-0.0124985836
0.28624,-0.0148191117
0.2864,-0.0140617779
0.28656,-0.0146705871
0.28672,-0.0137647279
0.28688,-0.0156308599
0.28704,-0.0150867552
0.2872,-0.0141911888
0.28736,-0.0149926385
0.28752,-0.0154632172
0.28768,-0.0145455915
0.28784,-0.0136456192
0.288,-0.0161264334
0.28816,-0.0158426184
0.28832,-0.0156102721
0.28848,-0.0170072913
0.28864,-0.0161293745
0.2888,-0.014020605
0.28896,-0.0147176431
0.28912,-0.0154338041
0.28928,-0.0158852637
0.28944,-0.0143603003
0.2896,-0.0153999841
0.28976,-0.0139706014
0.28992,-0.0159161445
0.29008,-0.0148852896
0.29024,-0.0154043892
0.2904,-0.0157264415
0.29056,-0.0149279302
0.29072,-0.0134470882
0.29088,-0.0153249837
0.29104,-0.016661711
0.2912,-0.0162367206
0.29136,-0.0171028785
0.29152,-0.0148808751
0.29168,-0.0154485079
0.29184,-0.0154617438
0.292,-0.0157926194
0.29216,-0.0161646605
0.29232,-0.0160411373
0.29248,-0.0160529017
0.29264,-0.0161014292
0.2928,-0.0156602636
0.29296,-0.0177749153
0.29312,-0.0159455519
0.29328,-0.0161749572
0.29344,-0.0175072737
0.2936,-0.0147779379
0.29376,-0.0154396826
0.29392,-0.0158308502
0.29408,-0.0160661377
0.29424,-0.0159514342
0.2944,-0.0142882401
0.29456,-0.0145617677
0.29472,-0.016461717
0.29488,-0.0151882209
0.29504,-0.015338215
0.2952,-0.0163249578
0.29536,-0.0144558875
0.29552,-0.0140647199
0.29568,-0.0134294406
0.29584,-0.0129662175
0.296,-0.0159999616
0.29616,-0.0151926326
0.29632,-0.0154602705
0.29648,-0.0153161585
0.29664,-0.0148235271
0.2968,-0.0146558806
0.29696,-0.0124809388
0.29712,-0.0142911812
0.29728,-0.0143132452
0.29744,-0.0136412019
0.2976,-0.0132868001
0.29776,-0.0160161369
0.29792,-0.0145147052
0.29808,-0.0154367452
0.29824,-0.0150382221
0.2984,-0.0139617808
0.29856,-0.0137000252
0.29872,-0.0141911851
0.29888,-0.0169278812
0.29904,-0.0158882011
0.2992,-0.0136088505
0.29936,-0.0146338223
0.29952,-0.0139191356
0.29968,-0.012257413
0.29984,-0.0135662016
0.3,-0.0133603243
0.30016,-0.0140661923
0.30032,-0.0131191546
0.30048,-0.0144573562
0.30064,-0.0135441497
0.3008,-0.0129471011
0.30096,-0.0134676788
0.30112,-0.0136823747
0.30128,-0.0109603871
0.30144,-0.0134867933
0.3016,-0.0132323904
0.30176,-0.0133426785
0.30192,-0.0148617569
0.30208,-0.0146499975
0.30224,-0.0139088454
0.3024,-0.0129853394
0.30256,-0.0136632621
0.30272,-0.0152426288
0.30288,-0.0145691242
0.30304,-0.0139867803
0.3032,-0.014355896
0.30336,-0.013286802
0.30352,-0.0150617566
0.30368,-0.0156867392
0.30384,-0.0163646601
0.304,-0.0141485417
0.30416,-0.0150970491
0.30432,-0.0163014289
0.30448,-0.0161705445
0.30464,-0.0156249739
0.3048,-0.016204372
0.30496,-0.0161734931
0.30512,-0.0146294106
0.30528,-0.0151882237
0.30544,-0.0151235163
0.3056,-0.0134044411
0.30576,-0.0156955626
0.30592,-0.0153264506
0.30608,-0.0136544388
0.30624,-0.0152896876
0.3064,-0.0156264435
0.30656,-0.0163514242
0.30672,-0.015988199
0.30688,-0.0157014467
0.30704,-0.0151499864
0.3072,-0.0130044539
0.30736,-0.0147882272
0.30752,-0.0150161665
0.30768,-0.0140617806
0.30784,-0.0152764535
0.308,-0.0151573401
0.30816,-0.0172661077
0.30832,-0.0159587916
0.30848,-0.015254396
0.30864,-0.0167308301
0.3088,-0.015227925
0.30896,-0.0145632345
0.30912,-0.0162455458
0.30928,-0.0171469953
0.30944,-0.0187763609
0.3096,-0.0177484434
0.30976,-0.0161029007
0.30992,-0.0154602705
0.31008,-0.0167425927
0.31024,-0.015695557
0.3104,-0.0153514529
0.31056,-0.0157470275
0.31072,-0.0164940711
0.31088,-0.017269047
0.31104,-0.0144632384
0.3112,-0.0141926594
0.31136,-0.0151646938
0.31152,-0.0158926137
0.31168,-0.0147764664
0.31184,-0.0158999655
0.312,-0.0145911742
0.31216,-0.0143529456
0.31232,-0.0142779481
0.31248,-0.0139397234
0.31264,-0.0129662203
0.3128,-0.0146808801
0.31296,-0.015735263
0.31312,-0.0131147448
0.31328,-0.0135147329
0.31344,-0.0163778961
0.3136,-0.0152499825
0.31376,-0.0132794445
0.31392,-0.0135559076
0.31408,-0.0148529354
0.31424,-0.0157132074
0.3144,-0.0148088168
0.31456,-0.0136485556
0.31472,-0.0152705675
0.31488,-0.015227926
0.31504,-0.0144720618
0.3152,-0.0145588238
0.31536,-0.0151941068
0.31552,-0.0144382371
0.31568,-0.0144823538
0.31584,-0.0146294106
0.316,-0.0150073403
0.31616,-0.013097099
0.31632,-0.0143058896
0.31648,-0.0137588456
0.31664,-0.0133000351
0.3168,-0.0139764845
0.31696,-0.0123882946
0.31712,-0.0137264952
0.31728,-0.0138014909
0.31744,-0.0140632493
0.3176,-0.0134073859
0.31776,-0.0124294693
0.31792,-0.0122985905
0.31808,-0.0129882758
0.31824,-0.0142264822
0.3184,-0.0139588425
0.31856,-0.0128956325
0.31872,-0.0144132469
0.31888,-0.0137735521
0.31904,-0.0126897562
0.3192,-0.0144985355
0.31936,-0.0150573375
0.31952,-0.0140191382
0.31968,-0.0138059016
0.31984,-0.0131044546
0.32,-0.0137632592
0.32016,-0.015420571
0.32032,-0.0149279321
0.32048,-0.0142794196
0.32064,-0.0144161824
0.3208,-0.0155558577
0.32096,-0.0156190889
0.32112,-0.0153352739
0.32128,-0.0155646838
0.32144,-0.0161646679
0.3216,-0.0168190598
0.32176,-0.0146088265
0.32192,-0.0157720335
0.32208,-0.0155205689
0.32224,-0.0150161702
0.3224,-0.0164484866
0.32256,-0.0158617329
0.32272,-0.0150720468
0.32288,-0.0161176063
0.32304,-0.0136926696
0.3232,-0.0147691136
0.32336,-0.0153852776
0.32352,-0.015767619
0.32368,-0.0170499347
0.32384,-0.0150426365
0.324,-0.0154382167
0.32416,-0.014501472
0.32432,-0.0154617419
0.32448,-0.0150632244
0.32464,-0.0155455656
0.3248,-0.0163676031
0.32496,-0.0162440781
0.32512,-0.0149705783
0.32528,-0.0163573045
0.32544,-0.0171146411
0.3256,-0.0160984918
0.32576,-0.0144882407
0.32592,-0.017221991
0.32608,-0.0187528357
0.32624,-0.0167425908
0.3264,-0.0168308262
0.32656,-0.0153279239
0.32672,-0.0159999654
0.32688,-0.0157205574
0.32704,-0.017788155
0.3272,-0.0165028926
0.32736,-0.0164102484
0.32752,-0.0151705714
0.32768,-0.0172558129
0.32784,-0.0176131558
0.328,-0.0148499943
0.32816,-0.0154661546
0.32832,-0.0155043863
0.32848,-0.0148102874
0.32864,-0.0139617827
0.3288,-0.0157264434
0.32896,-0.0156235024
0.32912,-0.0131000411
0.32928,-0.0133073889
0.32944,-0.0136235561
0.3296,-0.0156279132
0.32976,-0.0144926533
0.32992,-0.0153573323
0.33008,-0.0141588384
0.33024,-0.0155382073
0.3304,-0.0145808859
0.33056,-0.0140147209
0.33072,-0.0140853077
0.33088,-0.0145735312
0.33104,-0.0148426425
0.3312,-0.0150779309
0.33136,-0.0157087967
0.33152,-0.0148088187
0.33168,-0.0142794214
0.33184,-0.0132015096
0.332,-0.0145970602
0.33216,-0.0161087848
0.33232,-0.0154220369
0.33248,-0.0149617549
0.33264,-0.0139264893
0.3328,-0.0154970353
0.33296,-0.0148235243
0.33312,-0.0127573982
0.33328,-0.0141250081
0.33344,-0.0140588367
0.3336,-0.0140220718
0.33376,-0.014307363
0.33392,-0.0147500029
0.33408,-0.0140853077
0.33424,-0.0144632356
0.3344,-0.0136191444
0.33456,-0.0129132792
0.33472,-0.01126038
0.33488,-0.0126985814
0.33504,-0.0119691873
0.3352,-0.0116030155
0.33536,-0.0164058357
0.33552,-0.01433824
0.33568,-0.0142897163
0.33584,-0.0139617799
0.336,-0.015264689
0.33616,-0.0143191265
0.33632,-0.0147970505
0.33648,-0.013441206
0.33664,-0.0124882907
0.3368,-0.0143220704
0.33696,-0.0144014806
0.33712,-0.015236753
0.33728,-0.0145102981
0.33744,-0.015114692
0.3376,-0.0155529203
0.33776,-0.0143529484
0.33792,-0.0156132104
0.33808,-0.0159176178
0.33824,-0.0148897003
0.3384,-0.0162455477
0.33856,-0.0158926193
0.33872,-0.0140588414
0.33888,-0.0154793877
0.33904,-0.0160323214
0.3392,-0.0150749898
0.33936,-0.0136720836
0.33952,-0.0134279747
0.33968,-0.014754409
0.33984,-0.0150602823
0.34,-0.0147029394
0.34016,-0.0160058476
0.34032,-0.0155749731
0.34048,-0.0164425988
0.34064,-0.0139367823
0.3408,-0.0127000483
0.34096,-0.0143250078
0.34112,-0.0154838003
0.34128,-0.0174925681
0.34144,-0.016308777
0.3416,-0.0159896724
0.34176,-0.0149044022
0.34192,-0.0139470771
0.34208,-0.0178307984
0.34224,-0.0174587499
0.3424,-0.016227901
0.34256,-0.014935283
0.34272,-0.0152514558
0.34288,-0.0150676379
0.34304,-0.0158308484
0.3432,-0.0169896446
0.34336,-0.0171808172
0.34352,-0.0164676011
0.34368,-0.0177425649
0.34384,-0.0167690609
0.344,-0.0176999159
0.34416,-0.0153602706
0.34432,-0.0147220567
0.34448,-0.0139647219
0.34464,-0.0148338191
0.3448,-0.0164749511
0.34496,-0.0169896446
0.34512,-0.0152705694
0.34528,-0.0142382495
0.34544,-0.0143250059
0.3456,-0.0134603214
0.34576,-0.0150926337
0.34592,-0.0148220547
0.34608,-0.013217682
0.34624,-0.0136882588
0.3464,-0.0151293958
0.34656,-0.0145441201
0.34672,-0.0157646742
0.34688,-0.0145338271
0.34704,-0.0145470612
0.3472,-0.0154735064
0.34736,-0.0145323509
0.34752,-0.015824968
0.34768,-0.0149632236
0.34784,-0.0145911761
0.348,-0.0145411761
0.34816,-0.012927983
0.34832,-0.0165867135
0.34848,-0.0148926377
0.34864,-0.0141161876
0.3488,-0.0160543714
0.34896,-0.0149220508
0.34912,-0.0139867812
0.34928,-0.0141147207
0.34944,-0.0131559204
0.3496,-0.0131500401
0.34976,-0.013864724
0.34992,-0.0137117915
0.35008,-0.0133603243
0.35024,-0.014538235
0.3504,-0.0151191037
0.35056,-0.0142514827
0.35072,-0.0119647738
0.35088,-0.0119647728
0.35104,-0.014594119
0.3512,-0.0143279452
0.35136,-0.0128573989
0.35152,-0.0132926833
0.35168,-0.0139058968
0.35184,-0.0147838201
0.352,-0.0151264565
0.35216,-0.0141294235
0.35232,-0.0145926476
0.35248,-0.0138720796
0.35264,-0.0130588626
0.3528,-0.0149735166
0.35296,-0.0138559053
0.35312,-0.0155146858
0.35328,-0.0155161591
0.35344,-0.0158337913
0.3536,-0.0152955707
0.35376,-0.0160058513
0.35392,-0.0151720475
0.35408,-0.0161440764
0.35424,-0.0154985087
0.3544,-0.0149029363
0.35456,-0.0144661842
0.35472,-0.0151235182
0.35488,-0.0153264478
0.35504,-0.015748499
0.3552,-0.0169175901
0.35536,-0.0154470354
0.35552,-0.0140941339
0.35568,-0.0154896853
0.35584,-0.0159529075
0.356,-0.0136647327
0.35616,-0.0133515038
0.35632,-0.0152867474
0.35648,-0.0160308518
0.35664,-0.0142014818
0.3568,-0.0173366927
0.35696,-0.0138573768
0.35712,-0.013707377
0.35728,-0.0154676242
0.35744,-0.0155808562
0.3576,-0.0157779139
0.35776,-0.0156426225
0.35792,-0.0137014957
0.35808,-0.0168014169
0.35824,-0.0155308573
0.3584,-0.0147161726
0.35856,-0.0149073452
0.35872,-0.0152735133
0.35888,-0.0154117495
0.35904,-0.0161028989
0.3592,-0.016430838
0.35936,-0.0170352347
0.35952,-0.0168896485
0.35968,-0.0183234327
0.35984,-0.0169925857
0.36,-0.0171337575
0.36016,-0.0154338004
0.36032,-0.0166837685
0.36048,-0.0152970385
0.36064,-0.0158882029
0.3608,-0.0178822707
0.36096,-0.0157793798
0.36112,-0.0149558736
0.36128,-0.0140044289
0.36144,-0.0154882092
0.3616,-0.016438188
0.36176,-0.0159455519
0.36192,-0.0160382017
0.36208,-0.0140338363
0.36224,-0.0143455956
0.3624,-0.013991192
0.36256,-0.014444123
0.36272,-0.0147161717
0.36288,-0.01390443
0.36304,-0.0148073444
0.3632,-0.0161161367
0.36336,-0.0153852748
0.36352,-0.0146367652
0.36368,-0.0147794066
0.36384,-0.0145999985
0.364,-0.0151764546
0.36416,-0.0133956186
0.36432,-0.0142661845
0.36448,-0.0153440982
0.36464,-0.0167249478
0.3648,-0.016027905
0.36496,-0.0130470982
0.36512,-0.013391206
0.36528,-0.0136647308
0.36544,-0.0158896726
0.3656,-0.013991192
0.36576,-0.0147647047
0.36592,-0.0158161484
0.36608,-0.0140617779
0.36624,-0.0130029842
0.3664,-0.0138103124
0.36656,-0.0148397014
0.36672,-0.014411767
0.36688,-0.014554413
0.36704,-0.0141838333
0.3672,-0.0140632521
0.36736,-0.0140058957
0.36752,-0.0129985716
0.36768,-0.0127412267
0.36784,-0.0118853627
0.368,-0.0134632671
0.36816,-0.0139132552
0.36832,-0.0139014907
0.36848,-0.0127029931
0.36864,-0.0144455917
0.3688,-0.0132970912
0.36896,-0.0152852777
0.36912,-0.0145352976
0.36928,-0.0137529681
0.36944,-0.0141235422
0.3696,-0.0133309122
0.36976,-0.0151793975
0.36992,-0.0146573558
0.37008,-0.0132941548
0.37024,-0.0155558521
0.3704,-0.0155499764
0.37056,-0.0144397132
0.37072,-0.0159955509
0.37088,-0.0159808472
0.37104,-0.0149867563
0.3712,-0.0155102732
0.37136,-0.0155764474
0.37152,-0.0152426334
0.37168,-0.0147647038
0.37184,-0.0148470514
0.372,-0.0149911689
0.37216,-0.0148897003
0.37232,-0.0151235182
0.37248,-0.014794114
0.37264,-0.0146500031
0.3728,-0.0156293903
0.37296,-0.016294077
0.37312,-0.0146588208
0.37328,-0.0159764327
0.37344,-0.0179660935
0.3736,-0.0154735092
0.37376,-0.0144661795
0.37392,-0.0145514775
0.37408,-0.0164352488
0.37424,-0.0147338193
0.3744,-0.0146955876
0.37456,-0.0155999754
0.37472,-0.0162293687
0.37488,-0.0153970402
0.37504,-0.0167234764
0.3752,-0.0169014074
0.37536,-0.0159573182
0.37552,-0.015854381
0.37568,-0.0137029644
0.37584,-0.0152882189
0.376,-0.0163293686
0.37616,-0.0176896248
0.37632,-0.0173043404
0.37648,-0.0158970244
0.37664,-0.0163367204
0.3768,-0.0152602773
0.37696,-0.0150338095
0.37712,-0.0145602962
0.37728,-0.0182807855
0.37744,-0.0177043322
0.3776,-0.0157955587
0.37776,-0.0165587738
0.37792,-0.0146441152
0.37808,-0.0146485241
0.37824,-0.0145161794
0.3784,-0.0162587818
0.37856,-0.0146470591
0.37872,-0.015074987
0.37888,-0.0130529786
0.37904,-0.0148264645
0.3792,-0.0149617558
0.37936,-0.0161764305
0.37952,-0.01649848
0.37968,-0.0149911642
0.37984,-0.0130015127
0.38,-0.0139809009
0.38016,-0.014754408
0.38032,-0.0151294013
0.38048,-0.0136559084
0.38064,-0.0149470503
0.3808,-0.0149102854
0.38096,-0.0147602912
0.38112,-0.0155587979
0.38128,-0.0146455886
0.38144,-0.0134029696
0.3816,-0.0123632932
0.38176,-0.0128691634
0.38192,-0.0137117887
0.38208,-0.0147985239
0.38224,-0.0166117158
0.3824,-0.0152132204
0.38256,-0.0154617429
0.38272,-0.0146205882
0.38288,-0.0158793796
0.38304,-0.0123927016
0.3832,-0.0129691586
0.38336,-0.0148720536
0.38352,-0.015585267
0.38368,-0.0131426835
0.38384,-0.0142426603
0.384,-0.0129618086
0.38416,-0.0141397212
0.38432,-0.0130603341
0.38448,-0.0121853575
0.38464,-0.0124956435
0.3848,-0.0124353534
0.38496,-0.0142603051
0.38512,-0.0132515021
0.38528,-0.0142897153
0.38544,-0.0144514758
0.3856,-0.0135926744
0.38576,-0.01502058
0.38592,-0.01363385
0.38608,-0.0125515275
0.38624,-0.0133691495
0.3864,-0.0151382228
0.38656,-0.0155926272
0.38672,-0.015367629
0.38688,-0.0163028985
0.38704,-0.0158176217
0.3872,-0.0148338228
0.38736,-0.014448531
0.38752,-0.015242626
0.38768,-0.014730881
0.38784,-0.0168028809
0.388,-0.0146117695
0.38816,-0.0183028467
0.38832,-0.0167793594
0.38848,-0.0151602775
0.38864,-0.0151882209
0.3888,-0.016294077
0.38896,-0.0160881989
0.38912,-0.0161411371
0.38928,-0.0160646643
0.38944,-0.0141176609
0.3896,-0.0135544445
0.38976,-0.0138161983
0.38992,-0.0159867257
0.39008,-0.0151470415
0.39024,-0.0157999638
0.3904,-0.0157087985
0.39056,-0.0147029422
0.39072,-0.0149102891
0.39088,-0.0150838094
0.39104,-0.016372012
0.3912,-0.0147985248
0.39136,-0.0153852738
0.39152,-0.0154558588
0.39168,-0.0157926138
0.39184,-0.0179469772
0.392,-0.0165190659
0.39216,-0.016585242
0.39232,-0.0161087848
0.39248,-0.0152411573
0.39264,-0.0160793755
0.3928,-0.01711905
0.39296,-0.0168175921
0.39312,-0.016058784
0.39328,-0.0177102126
0.39344,-0.0162808429
0.3936,-0.0173013993
0.39376,-0.0156220356
0.39392,-0.0172675774
0.39408,-0.0172396395
0.39424,-0.0155220339
0.3944,-0.0164337754
0.39456,-0.0149455816
0.39472,-0.0146294087
0.39488,-0.0148499887
0.39504,-0.0163058396
0.3952,-0.0157146771
0.39536,-0.0163646601
0.39552,-0.0164940655
0.39568,-0.013433855
0.39584,-0.0150308693
0.396,-0.0152485091
0.39616,-0.012870633
0.39632,-0.0150558725
0.39648,-0.0143602993
0.39664,-0.0148205822
0.3968,-0.014744116
0.39696,-0.0146926427
0.39712,-0.0140750138
0.39728,-0.0139117846
0.39744,-0.0142397145
0.3976,-0.0150117502
0.39776,-0.0164396595
0.39792,-0.0157484952
0.39808,-0.0160043761
0.39824,-0.0146720549
0.3984,-0.0139117809
0.39856,-0.0141544212
0.39872,-0.0167146549
0.39888,-0.0153440973
0.39904,-0.0150264623
0.3992,-0.0138059026
0.39936,-0.015211748
0.39952,-0.0150294006
0.39968,-0.0136279669
0.39984,-0.0152882207
0.4,-0.013677964
0.40016,-0.0147117628
0.40032,-0.0134867923
0.40048,-0.0131838638
0.40064,-0.0125294616
0.4008,-0.0145470574
0.40096,-0.0145235332
0.40112,-0.0129353357
0.40128,-0.0120221237
0.40144,-0.0124603519
0.4016,-0.0137735512
0.40176,-0.0148382327
0.40192,-0.015241161
0.40208,-0.0156926177
0.40224,-0.0137926722
0.4024,-0.0138603188
0.40256,-0.0166396499
0.40272,-0.0150264557
0.40288,-0.0140147237
0.40304,-0.0141779529
0.4032,-0.0149294073
0.40336,-0.0148308817
0.40352,-0.015527918
0.40368,-0.014120603
0.40384,-0.0143367732
0.404,-0.0144558894
0.40416,-0.0147691099
0.40432,-0.014958811
0.40448,-0.0146220578
0.40464,-0.0166528895
0.4048,-0.0163499545
0.40496,-0.0154293897
0.40512,-0.0162234865
0.40528,-0.0155176269
0.40544,-0.0152470414
0.4056,-0.0148044117
0.40576,-0.0158529133
0.40592,-0.0165264215
0.40608,-0.0155014535
0.40624,-0.0127456393
0.4064,-0.0156176239
0.40656,-0.0157661457
0.40672,-0.0144661795
0.40688,-0.0161808394
0.40704,-0.0147720557
0.4072,-0.01588526
0.40736,-0.0159617271
0.40752,-0.0148205832
0.40768,-0.0167396478
0.40784,-0.0158411451
0.408,-0.0153367491
0.40816,-0.0155161526
0.40832,-0.0167264175
0.40848,-0.0172602274
0.40864,-0.0157602634
0.4088,-0.015307337
0.40896,-0.0151455766
0.40912,-0.0160514321
0.40928,-0.0160367228
0.40944,-0.0177734494
0.4096,-0.0193439983
0.40976,-0.0169117022
0.40992,-0.0192292947
0.41008,-0.0155235045
0.41024,-0.013997077
0.4104,-0.0155205633
0.41056,-0.0160499625
0.41072,-0.0159205534
0.41088,-0.0171322841
0.41104,-0.0170440525
0.4112,-0.0145426458
0.41136,-0.0142897163
0.41152,-0.0148970522
0.41168,-0.0147161745
0.41184,-0.0144823538
0.412,-0.0161190778
0.41216,-0.0157705564
0.41232,-0.0153646842
0.41248,-0.0160249658
0.41264,-0.0147235263
0.4128,-0.0136956116
0.41296,-0.0137823746
0.41312,-0.014351476
0.41328,-0.0132676838
0.41344,-0.0134970872
0.4136,-0.0155043919
0.41376,-0.0141617758
0.41392,-0.0142544201
0.41408,-0.0144029437
0.41424,-0.0149132265
0.4144,-0.0145529397
0.41456,-0.0139573673
0.41472,-0.0154808629
0.41488,-0.015464684
0.41504,-0.0147411693
0.4152,-0.0158779062
0.41536,-0.0148867583
0.41552,-0.0150602814
0.41568,-0.01612496
0.41584,-0.0121618286
0.416,-0.0148426387
0.41616,-0.0152823348
0.41632,-0.0149691068
0.41648,-0.0135206189
0.41664,-0.013707377
0.4168,-0.0133691505
0.41696,-0.0152470423
0.41712,-0.0141161913
0.41728,-0.0132382698
0.41744,-0.0139603093
0.4176,-0.0136691434
0.41776,-0.0135132624
0.41792,-0.0129103372
0.41808,-0.0126000503
0.41824,-0.0130868042
0.4184,-0.0149117587
0.41856,-0.0124044698
0.41872,-0.0131691564
0.41888,-0.013617673
0.41904,-0.0149308722
0.4192,-0.0137353167
0.41936,-0.0141882487
0.41952,-0.0156396814
0.41968,-0.0159940813
0.41984,-0.0129162213
0.42,-0.0139661925
0.42016,-0.0161543749
0.42032,-0.0159970224
0.42048,-0.0164499544
0.42064,-0.0144794174
0.4208,-0.0157587975
0.42096,-0.0158940833
0.42112,-0.0139308991
0.42128,-0.0147838201
0.42144,-0.0154176224
0.4216,-0.0169220008
0.42176,-0.0155367395
0.42192,-0.0158396736
0.42208,-0.0156367403
0.42224,-0.0155205615
0.4224,-0.0158896726
0.42256,-0.0146529404
0.42272,-0.0137250256
0.42288,-0.01461324
0.42304,-0.0148352897
0.4232,-0.015894087
0.42336,-0.0157940891
0.42352,-0.0154058607
0.42368,-0.015338215
0.42384,-0.0151808653
0.424,-0.0148146981
0.42416,-0.0145044131
0.42432,-0.0148602873
0.42448,-0.016054377
0.42464,-0.0156117417
0.4248,-0.0179660879
0.42496,-0.0154955648
0.42512,-0.01628525
0.42528,-0.015144106
0.42544,-0.0166984778
0.4256,-0.0167528838
0.42576,-0.01690582
0.42592,-0.014905869
0.42608,-0.016919056
0.42624,-0.0171014089
0.4264,-0.0180528499
0.42656,-0.0160926078
0.42672,-0.0158823188
0.42688,-0.0174528658
0.42704,-0.0170749389
0.4272,-0.0153808575
0.42736,-0.016664654
0.42752,-0.0153073352
0.42768,-0.0131956218
0.42784,-0.015701443
0.428,-0.0158411413
0.42816,-0.0158146769
0.42832,-0.0152426306
0.42848,-0.0154690957
0.42864,-0.0144264745
0.4288,-0.0146764675
0.42896,-0.0145455906
0.42912,-0.0151308691
0.42928,-0.0137000233
0.42944,-0.0149132255
0.4296,-0.0137706092
0.42976,-0.0134132672
0.42992,-0.0136294374
0.43008,-0.0145367635
0.43024,-0.0150235165
0.4304,-0.0154367425
0.43056,-0.0152396876
0.43072,-0.0140250148
0.43088,-0.0147191165
0.43104,-0.016672004
0.4312,-0.0139235454
0.43136,-0.013557381
0.43152,-0.0138956066
0.43168,-0.0142103024
0.43184,-0.0145279439
0.432,-0.0145250019
0.43216,-0.0153808622
0.43232,-0.0157823209
0.43248,-0.0148720527
0.43264,-0.0160926096
0.4328,-0.0137250237
0.43296,-0.0135867922
0.43312,-0.0146529395
0.43328,-0.0130471038
0.43344,-0.01353091
0.4336,-0.015424978
0.43376,-0.0140588377
0.43392,-0.0133353285
0.43408,-0.0144764753
0.43424,-0.0119927153
0.4344,-0.0119647728
0.43456,-0.0130647467
0.43472,-0.013527967
0.43488,-0.0139029594
0.43504,-0.0152117517
0.4352,-0.0163249597
0.43536,-0.0137588475
0.43552,-0.013197097
0.43568,-0.012820635
0.43584,-0.0142397154
0.436,-0.0134367943
0.43616,-0.0157896783
0.43632,-0.0145647069
0.43648,-0.0144382436
0.43664,-0.0147441113
0.4368,-0.0155926226
0.43696,-0.0167764183
0.43712,-0.0140661895
0.43728,-0.0146632325
0.43744,-0.0155426236
0.4376,-0.0155485086
0.43776,-0.01628525
0.43792,-0.0149249937
0.43808,-0.0166646522
0.43824,-0.0148838181
0.4384,-0.0151941022
0.43856,-0.0163793676
0.43872,-0.0139029594
0.43888,-0.0147926454
0.43904,-0.0153323365
0.4392,-0.0150808711
0.43936,-0.0151308682
0.43952,-0.0152867502
0.43968,-0.0155102704
0.43984,-0.0156043852
0.44,-0.0162161365
0.44016,-0.0152720436
0.44032,-0.0138059035
0.44048,-0.0147720575
0.44064,-0.0155529175
0.4408,-0.0146294134
0.44096,-0.0142294215
0.44112,-0.0164146554
0.44128,-0.0155176222
0.44144,-0.015464684
0.4416,-0.0147661762
0.44176,-0.0154367434
0.44192,-0.0153588038
0.44208,-0.018191088
0.44224,-0.0179234445
0.4424,-0.016358776
0.44256,-0.0163249541
0.44272,-0.0177793279
0.44288,-0.0163720157
0.44304,-0.0183734298
0.4432,-0.0171572864
0.44336,-0.0136647299
0.44352,-0.0144911762
0.44368,-0.0165131856
0.44384,-0.0172719862
0.444,-0.0172866918
0.44416,-0.0157705583
0.44432,-0.0162205435
0.44448,-0.0163426008
0.44464,-0.0165455379
0.4448,-0.0159190837
0.44496,-0.0167705305
0.44512,-0.0150294006
0.44528,-0.0155382119
0.44544,-0.0156264454
0.4456,-0.0136764944
0.44576,-0.014104424
0.44592,-0.0150985178
0.44608,-0.0145264706
0.44624,-0.0139529584
0.4464,-0.0152735123
0.44656,-0.0144867701
0.44672,-0.0143720629
0.44688,-0.0151646892
0.44704,-0.0138294306
0.4472,-0.0151691046
0.44736,-0.0140206041
0.44752,-0.0162411314
0.44768,-0.0155867403
0.44784,-0.0150338113
0.448,-0.0140367793
0.44816,-0.0148132294
0.44832,-0.0147294048
0.44848,-0.0151735181
0.44864,-0.0131529793
0.4488,-0.0155529194
0.44896,-0.0141808949
0.44912,-0.0148029365
0.44928,-0.0157029182
0.44944,-0.0163808372
0.4496,-0.0157323219
0.44976,-0.01342062
0.44992,-0.0145705892
0.45008,-0.0143455947
0.45024,-0.0141455987
0.4504,-0.0137323784
0.45056,-0.0135617927
0.45072,-0.0130941598
0.45088,-0.0126221068
0.45104,-0.0138161974
0.4512,-0.0125265252
0.45136,-0.0126559325
0.45152,-0.0134382676
0.45168,-0.0151161617
0.45184,-0.0144691188
0.452,-0.0132118035
0.45216,-0.0137456097
0.45232,-0.0154852709
0.45248,-0.0138250217
0.45264,-0.0146602914
0.4528,-0.0148764662
0.45296,-0.0142603051
0.45312,-0.0136529645
0.45328,-0.0143132396
0.45344,-0.0167014133
0.4536,-0.0171705242
0.45376,-0.0141397165
0.45392,-0.0155382082
0.45408,-0.0153764514
0.45424,-0.014944111
0.4544,-0.0146750035
0.45456,-0.0154999783
0.45472,-0.0154661573
0.45488,-0.0158043802
0.45504,-0.0150544019
0.4552,-0.0165308379
0.45536,-0.0152970403
0.45552,-0.0170219988
0.45568,-0.0160705522
0.45584,-0.0145852976
0.456,-0.0132250376
0.45616,-0.0159852561
0.45632,-0.0166778844
0.45648,-0.0168146491
0.45664,-0.016541129
0.4568,-0.0146661783
0.45696,-0.0144235352
0.45712,-0.0151779279
0.45728,-0.017020531
0.45744,-0.0152338063
0.4576,-0.0146735292
0.45776,-0.0170058217
0.45792,-0.0162176061
0.45808,-0.0163690653
0.45824,-0.0162808411
0.4584,-0.0169514101
0.45856,-0.0160323177
0.45872,-0.0182896163
0.45888,-0.0176234525
0.45904,-0.0160146691
0.4592,-0.0173837543
0.45936,-0.0169587601
0.45952,-0.0146794096
0.45968,-0.0161411352
0.45984,-0.0161646679
0.46,-0.0162676014
0.46016,-0.015322038
0.46032,-0.015551446
0.46048,-0.0168043561
0.46064,-0.0171190538
0.4608,-0.0158720296
0.46096,-0.0167970024
0.46112,-0.0159749668
0.46128,-0.0167690571
0.46144,-0.0149588119
0.4616,-0.0163587779
0.46176,-0.0144308861
0.46192,-0.0138882557
0.46208,-0.0149014592
0.46224,-0.0148426415
0.4624,-0.0145500032
0.46256,-0.0147176431
0.46272,-0.0145558845
0.46288,-0.0147691118
0.46304,-0.0144808851
0.4632,-0.0147779407
0.46336,-0.0140029592
0.46352,-0.0146205891
0.46368,-0.0154823326
0.46384,-0.0145882359
0.464,-0.0140264854
0.46416,-0.0149838123
0.46432,-0.0164528918
0.46448,-0.015004402
0.46464,-0.0148941083
0.4648,-0.0147867575
0.46496,-0.014941168
0.46512,-0.0144867683
0.46528,-0.0149970492
0.46544,-0.0151205724
0.4656,-0.0165675972
0.46576,-0.0159808472
0.46592,-0.0149044031
0.46608,-0.0138250189
0.46624,-0.0147941131
0.4664,-0.014472059
0.46656,-0.0138794295
0.46672,-0.0132603263
0.46688,-0.0128250485
0.46704,-0.0140161933
0.4672,-0.0143353017
0.46736,-0.0149102863
0.46752,-0.0123794712
0.46768,-0.0133706201
0.46784,-0.0135103222
0.468,-0.0139823677
0.46816,-0.0135088526
0.46832,-0.0136838481
0.46848,-0.0152352769
0.46864,-0.0151999863
0.4688,-0.0140485447
0.46896,-0.0128941629
0.46912,-0.013689735
0.46928,-0.0154382121
0.46944,-0.0124206441
0.4696,-0.0130632771
0.46976,-0.0171499364
0.46992,-0.0158087891
0.47008,-0.0152117517
0.47024,-0.0156558566
0.4704,-0.0169808175
0.47056,-0.0152117498
0.47072,-0.0135956127
0.47088,-0.0156485029
0.47104,-0.0155058596
0.4712,-0.0143117746
0.47136,-0.0152749801
0.47152,-0.016026441
0.47168,-0.0166470073
0.47184,-0.0162690729
0.472,-0.0134853236
0.47216,-0.0158749651
0.47232,-0.0158793814
0.47248,-0.0149735212
0.47264,-0.0147058796
0.4728,-0.0155543881
0.47296,-0.0161837824
0.47312,-0.0154043883
0.47328,-0.0155852716
0.47344,-0.0144808888
0.4736,-0.0156911463
0.47376,-0.0160573144
0.47392,-0.0154735064
0.47408,-0.0147867631
0.47424,-0.0145750009
0.4744,-0.0138941398
0.47456,-0.0171249323
0.47472,-0.0145617668
0.47488,-0.0159411412
0.47504,-0.0163234901
0.4752,-0.0166940633
0.47536,-0.0180366747
0.47552,-0.0169705264
0.47568,-0.0166484788
0.47584,-0.0164573062
0.476,-0.0166587718
0.47616,-0.017445514
0.47632,-0.0180057958
0.47648,-0.0191337094
0.47664,-0.0171102323
0.4768,-0.0179469716
0.47696,-0.0149088185
0.47712,-0.0169411171
0.47728,-0.016038198
0.47744,-0.0154176271
0.4776,-0.0157205593
0.47776,-0.0162440743
0.47792,-0.0173852257
0.47808,-0.014404417
0.47824,-0.0149338152
0.4784,-0.0150955748
0.47856,-0.0141279548
0.47872,-0.013830903
0.47888,-0.0139397224
0.47904,-0.0170940552
0.4792,-0.0164117161
0.47936,-0.0160587858
0.47952,-0.0144044198
0.47968,-0.0150058726
0.47984,-0.0132353269
0.48,-0.0137529634
0.48016,-0.014961754
0.48032,-0.0147588206
0.48048,-0.0144676501
0.48064,-0.0149955777
0.4808,-0.013770611
0.48096,-0.0142603004
0.48112,-0.0149499904
0.48128,-0.0157058518
0.48144,-0.0159573127
0.4816,-0.0136206122
0.48176,-0.0139632495
0.48192,-0.0150014618
0.48208,-0.0155367386
0.48224,-0.0163455438
0.4824,-0.0150705753
0.48256,-0.014972046
0.48272,-0.013407385
0.48288,-0.0145191196
0.48304,-0.013767668
0.4832,-0.0140661886
0.48336,-0.0144205922
0.48352,-0.014457358
0.48368,-0.0138485497
0.48384,-0.0140426625
0.484,-0.0144176502
0.48416,-0.0144500053
0.48432,-0.0136529673
0.48448,-0.0119647738
0.48464,-0.0123941749
0.4848,-0.0135735571
0.48496,-0.0133397384
0.48512,-0.0142926537
0.48528,-0.0141455987
0.48544,-0.0139735471
0.4856,-0.0149088139
0.48576,-0.0134882648
0.48592,-0.0146029443
0.48608,-0.0133250393
0.48624,-0.0126456395
0.4864,-0.0155367432
0.48656,-0.0161970165
0.48672,-0.0141691286
0.48688,-0.0153146898
0.48704,-0.0144691216
0.4872,-0.0162205491
0.48736,-0.0160146672
0.48752,-0.0160279088
0.48768,-0.016433781
0.48784,-0.0156808626
0.488,-0.0147808809
0.48816,-0.0142955966
0.48832,-0.0165720135
0.48848,-0.0165264234
0.48864,-0.0153426258
0.4888,-0.0162543729
0.48896,-0.0147102913
0.48912,-0.0151249897
0.48928,-0.0159102641
0.48944,-0.015183812
0.4896,-0.0151014589
0.48976,-0.0154617447
0.48992,-0.0150088128
0.49008,-0.0155823287
0.49024,-0.0145132421
0.4904,-0.0145426486
0.49056,-0.0167881809
0.49072,-0.0149896983
0.49088,-0.0145117668
0.49104,-0.0153279211
0.4912,-0.0153014557
0.49136,-0.0154970409
0.49152,-0.0164764225
0.49168,-0.0165146515
0.49184,-0.0154264495
0.492,-0.0163278952
0.49216,-0.0162823126
0.49232,-0.0172264036
0.49248,-0.0165808313
0.49264,-0.0176778585
0.4928,-0.0168690607
0.49296,-0.0170484688
0.49312,-0.0170631707
0.49328,-0.0161676072
0.49344,-0.0147279371
0.4936,-0.0163293686
0.49376,-0.0158132054
0.49392,-0.0164205413
0.49408,-0.0174455158
0.49424,-0.0157337952
0.4944,-0.0161867235
0.49456,-0.0155440932
0.49472,-0.0145250028
0.49488,-0.0169322938
0.49504,-0.0170925837
0.4952,-0.0154867424
0.49536,-0.0164558366
0.49552,-0.0152426306
0.49568,-0.0152132194
0.49584,-0.0154999755
0.496,-0.0130823934
0.49616,-0.0142470673
0.49632,-0.0160808414
0.49648,-0.0145602943
0.49664,-0.0138529604
0.4968,-0.0145823536
0.49696,-0.0144397076
0.49712,-0.0150058707
0.49728,-0.0148073463
0.49744,-0.0145852957
0.4976,-0.0151558686
0.49776,-0.0148764625
0.49792,-0.0157823227
0.49808,-0.0146529395
0.49824,-0.0156705603
0.4984,-0.0136661995
0.49856,-0.0138456095
0.49872,-0.0162058398
0.49888,-0.0153808659
0.49904,-0.0153852701
0.4992,-0.0130662136
0.49936,-0.0147647029
0.49952,-0.013594144
0.49968,-0.0150573384
0.49984,-0.0134559115
0.5,-0.0139029603
0.50016,-0.0138867833
0.50032,-0.0138647268
0.50048,-0.0132470895
0.50064,-0.0148617607
0.5008,-0.0149588119
0.50096,-0.0139103141
0.50112,-0.012150065
0.50128,-0.0132632703
0.50144,-0.013227975
0.5016,-0.015373514
0.50176,-0.0143000083
0.50192,-0.0152999833
0.50208,-0.0138661955
0.50224,-0.0133632682
0.5024,-0.0144573571
0.50256,-0.0129618086
0.50272,-0.0138161993
0.50288,-0.0141926594
0.50304,-0.0151999863
0.5032,-0.0154529177
0.50336,-0.0146794133
0.50352,-0.0155823296
0.50368,-0.0162646659
0.50384,-0.0155161545
0.504,-0.0150205772
0.50416,-0.0147191146
0.50432,-0.0145676499
0.50448,-0.0147279371
0.50464,-0.0167131852
0.5048,-0.0158029161
0.50496,-0.0155587951
0.50512,-0.015164692
0.50528,-0.0143705951
0.50544,-0.0150735155
0.5056,-0.0163117256
0.50576,-0.0143088317
0.50592,-0.0144073535
0.50608,-0.0152235115
0.50624,-0.0150955785
0.5064,-0.0164881833
0.50656,-0.0145735294
0.50672,-0.0162514243
0.50688,-0.0163323078
0.50704,-0.0133485645
0.5072,-0.0147088217
0.50736,-0.015138221
0.50752,-0.0145602943
0.50768,-0.0128971068
0.50784,-0.0148838162
0.508,-0.0164308362
0.50816,-0.0163190775
0.50832,-0.0169734713
0.50848,-0.0170425847
0.50864,-0.0177352168
0.5088,-0.0181631427
0.50896,-0.0157926176
0.50912,-0.0158220269
0.50928,-0.0178513881
0.50944,-0.0185748991
0.5096,-0.0170719996
0.50976,-0.0165940635
0.50992,-0.0165837705
0.51008,-0.0165558346
0.51024,-0.0156720318
0.5104,-0.0157837924
0.51056,-0.0163205415
0.51072,-0.0167308282
0.51088,-0.0170631725
0.51104,-0.0155293904
0.5112,-0.0145102981
0.51136,-0.016035255
0.51152,-0.0150661608
0.51168,-0.0144411782
0.51184,-0.0145750009
0.512,-0.0147852888
0.51216,-0.0168617088
0.51232,-0.0162058398
0.51248,-0.0149941072
0.51264,-0.0159132015
0.5128,-0.0140382489
0.51296,-0.0131059214
0.51312,-0.0144264745
0.51328,-0.0157867353
0.51344,-0.0129426913
0.5136,-0.0154735027
0.51376,-0.0147661706
0.51392,-0.0141058974
0.51408,-0.014457358
0.51424,-0.0146691157
0.5144,-0.0151749849
0.51456,-0.0159367286
0.51472,-0.0163411293
0.51488,-0.0136088487
0.51504,-0.014672054
0.5152,-0.0156102683
0.51536,-0.0146691175
0.51552,-0.0158220269
0.51568,-0.0159632023
0.51584,-0.0147955846
0.516,-0.015991142
0.51616,-0.0147411739
0.51632,-0.0135470862
0.51648,-0.0141206002
0.51664,-0.0142514827
0.5168,-0.01302063
0.51696,-0.0126515217
0.51712,-0.0135117918
0.51728,-0.0145352958
0.51744,-0.0155382128
0.5176,-0.0133426823
0.51776,-0.0135823796
0.51792,-0.0116736069
0.51808,-0.0136720873
0.51824,-0.0122030061
0.5184,-0.0135412058
0.51856,-0.0147999926
0.51872,-0.0148661677
0.51888,-0.0133294445
0.51904,-0.0141735421
0.5192,-0.015447041
0.51936,-0.0142367743
0.51952,-0.0151088117
0.51968,-0.0147764646
0.51984,-0.0133588528
0.52,-0.0146264713
0.52016,-0.0140588395
0.52032,-0.0145544149
0.52048,-0.0147676403
0.52064,-0.0151985167
0.5208,-0.015351451
0.52096,-0.0155382138
0.52112,-0.0145426476
0.52128,-0.0165940672
0.52144,-0.0169587657
0.5216,-0.0151249869
0.52176,-0.014777937
0.52192,-0.0158426184
0.52208,-0.016011728
0.52224,-0.0157426205
0.5224,-0.0157705583
0.52256,-0.0142132472
0.52272,-0.0150514562
0.52288,-0.0133426795
0.52304,-0.0148294084
0.5232,-0.0167117156
0.52336,-0.0160705484
0.52352,-0.0166264214
0.52368,-0.0169808194
0.52384,-0.0165293645
0.524,-0.0132088596
0.52416,-0.0146205872
0.52432,-0.0161749553
0.52448,-0.0150602804
0.52464,-0.0169955306
0.5248,-0.0158999674
0.52496,-0.0163352489
0.52512,-0.0144720608
0.52528,-0.0157117378
0.52544,-0.0150896944
0.5256,-0.0166690629
0.52576,-0.0169543494
0.52592,-0.0175058059
0.52608,-0.0171852317
0.52624,-0.0170896407
0.5264,-0.0170175824
0.52656,-0.0164646581
0.52672,-0.0171146411
0.52688,-0.015674971
0.52704,-0.016592592
0.5272,-0.0169072952
0.52736,-0.015780855
0.52752,-0.0157117378
0.52768,-0.015677914
0.52784,-0.0147661716
0.528,-0.0156602692
0.52816,-0.0136456126
0.52832,-0.0154690957
0.52848,-0.0145691196
0.52864,-0.0136676747
0.5288,-0.0159779061
0.52896,-0.0161823109
0.52912,-0.0137588438
0.52928,-0.0148455808
0.52944,-0.0150941061
0.5296,-0.0147426436
0.52976,-0.0136823785
0.52992,-0.0161484908
0.53008,-0.0158367325
0.53024,-0.0138985468
0.5304,-0.0143044181
0.53056,-0.0157882012
0.53072,-0.0140867755
0.53088,-0.0140485447
0.53104,-0.0151970405
0.5312,-0.0156985018
0.53136,-0.0153793935
0.53152,-0.0136735532
0.53168,-0.0155529147
0.53184,-0.0155970324
0.532,-0.0140191326
0.53216,-0.014470594
0.53232,-0.0150014618
0.53248,-0.01547792
0.53264,-0.0147573529
0.5328,-0.0163308419
0.53296,-0.015114692
0.53312,-0.0134662092
0.53328,-0.0148426425
0.53344,-0.0137059027
0.5336,-0.0139544271
0.53376,-0.0147985257
0.53392,-0.0139220785
0.53408,-0.0132720927
0.53424,-0.0155499736
0.5344,-0.0129265124
0.53456,-0.0112368548
0.53472,-0.0131603302
0.53488,-0.0123618245
0.53504,-0.0130868051
0.5352,-0.0150014637
0.53536,-0.0148426369
0.53552,-0.0137882549
0.53568,-0.0148235243
0.53584,-0.0154852755
0.536,-0.0147720529
0.53616,-0.0125912279
0.53632,-0.0149646979
0.53648,-0.0128603382
0.53664,-0.0157514401
0.5368,-0.0149264606
0.53696,-0.0166778862
0.53712,-0.0172264073
0.53728,-0.0153396893
0.53744,-0.01462059
0.5376,-0.0153382197
0.53776,-0.0162484851
0.53792,-0.0147529384
0.53808,-0.0159132034
0.53824,-0.0162911359
0.5384,-0.0143691245
0.53856,-0.0149544021
0.53872,-0.0151735162
0.53888,-0.0156661496
0.53904,-0.0152573362
0.5392,-0.0155308591
0.53936,-0.0161734894
0.53952,-0.014173544
0.53968,-0.014236778
0.53984,-0.015713213
0.54,-0.0168322995
0.54016,-0.0155132068
0.54032,-0.0145779438
0.54048,-0.0147352917
0.54064,-0.014770586
0.5408,-0.0147235282
0.54096,-0.0156543888
0.54112,-0.015122043
0.54128,-0.0153529197
0.54144,-0.0167131778
0.5416,-0.0169558246
0.54176,-0.016885234
0.54192,-0.0139382565
0.54208,-0.0161734857
0.54224,-0.0176734515
0.5424,-0.016048491
0.54256,-0.0155440951
0.54272,-0.0175322779
0.54288,-0.0173381623
0.54304,-0.0187998917
0.5432,-0.0162852481
0.54336,-0.0154573321
0.54352,-0.0145779401
0.54368,-0.0176278614
0.54384,-0.0174161047
0.544,-0.0164102484
0.54416,-0.0156543851
0.54432,-0.0160955489
0.54448,-0.0157411471
0.54464,-0.0151646929
0.5448,-0.0136823766
0.54496,-0.016758766
0.54512,-0.0162367225
0.54528,-0.0147088198
0.54544,-0.015388215
0.5456,-0.0154102705
0.54576,-0.0129132811
0.54592,-0.0147779379
0.54608,-0.0141117768
0.54624,-0.0150985178
0.5464,-0.0140573662
0.54656,-0.0130265113
0.54672,-0.0150499912
0.54688,-0.0151955718
0.54704,-0.0130147496
0.5472,-0.014420595
0.54736,-0.015824968
0.54752,-0.0154205645
0.54768,-0.015635265
0.54784,-0.0151043981
0.548,-0.0148014612
0.54816,-0.0149793997
0.54832,-0.0142544229
0.54848,-0.013033866
0.54864,-0.0153264506
0.5488,-0.015254396
0.54896,-0.0151808616
0.54912,-0.0142941251
0.54928,-0.016004378
0.54944,-0.0151985129
0.5496,-0.0133015029
0.54976,-0.0147823496
0.54992,-0.0133382697
0.55008,-0.0138794342
0.55024,-0.01211771
0.5504,-0.0135735534
0.55056,-0.0133603252
0.55072,-0.0137456115
0.55088,-0.0151367495
0.55104,-0.0147882327
0.5512,-0.012370646
0.55136,-0.0132632703
0.55152,-0.0137823727
0.55168,-0.0131647428
0.55184,-0.0131132742
0.552,-0.015611737
0.55216,-0.0143353008
0.55232,-0.0144808879
0.55248,-0.015148513
0.55264,-0.0149999894
0.5528,-0.0147529431
0.55296,-0.0133353267
0.55312,-0.014310305
0.55328,-0.0136426734
0.55344,-0.0168087687
0.5536,-0.0161220189
0.55376,-0.0147132315
0.55392,-0.0140956016
0.55408,-0.0151838083
0.55424,-0.015824968
0.5544,-0.0150132272
0.55456,-0.0158484988
0.55472,-0.0164264292
0.55488,-0.0155176222
0.55504,-0.0152823348
0.5552,-0.0159573201
0.55536,-0.0152293956
0.55552,-0.0157470275
0.55568,-0.0144823566
0.55584,-0.0142426584
0.556,-0.0149073461
0.55616,-0.0157058556
0.55632,-0.0163131934
0.55648,-0.0157337952
0.55664,-0.0157617368
0.5568,-0.0148764644
0.55696,-0.0145529471
0.55712,-0.013226511
0.55728,-0.0142794214
0.55744,-0.0151338112
0.5576,-0.0159234926
0.55776,-0.0138823707
0.55792,-0.0159764364
0.55808,-0.0163528956
0.55824,-0.0167425908
0.5584,-0.0164470151
0.55856,-0.0152308661
0.55872,-0.0172264054
0.55888,-0.0178925637
0.55904,-0.0175852217
0.5592,-0.0167587679
0.55936,-0.0171925779
0.55952,-0.0187248942
0.55968,-0.018074913
0.55984,-0.0160999615
0.56,-0.0169572905
0.56016,-0.0171602275
0.56032,-0.0157602634
0.56048,-0.0161264259
0.56064,-0.0154029187
0.5608,-0.0148955835
0.56096,-0.0153191006
0.56112,-0.016411718
0.56128,-0.0161734875
0.56144,-0.0165528916
0.5616,-0.0148691125
0.56176,-0.0159587897
0.56192,-0.0158558488
0.56208,-0.0143147148
0.56224,-0.0154779172
0.5624,-0.0154382112
0.56256,-0.0140367774
0.56272,-0.0131265102
0.56288,-0.0149499904
0.56304,-0.0144191217
0.5632,-0.0146808783
0.56336,-0.0143750049
0.56352,-0.0138059035
0.56368,-0.0157514382
0.56384,-0.0147323497
0.564,-0.0144632393
0.56416,-0.0147220567
0.56432,-0.0149926348
0.56448,-0.0134367943
0.56464,-0.0139867784
0.5648,-0.0155911492
0.56496,-0.0141544202
0.56512,-0.0140161924
0.56528,-0.0138514899
0.56544,-0.0155764474
0.5656,-0.0169014093
0.56576,-0.0174808074
0.56592,-0.0168675911
0.56608,-0.014557356
0.56624,-0.0142661827
0.5664,-0.0132632675
0.56656,-0.014854406
0.56672,-0.0132765071
0.56688,-0.0151632233
0.56704,-0.0162543692
0.5672,-0.0125735831
0.56736,-0.0132588577
0.56752,-0.0127353445
0.56768,-0.0122368252
0.56784,-0.011960363
0.568,-0.0132500343
0.56816,-0.0135338539
0.56832,-0.0138588455
0.56848,-0.0159940831
0.56864,-0.01478088
0.5688,-0.0132882716
0.56896,-0.013094157
0.56912,-0.0129250409
0.56928,-0.0136617878
0.56944,-0.0173249263
0.5696,-0.0136794355
0.56976,-0.0148558756
0.56992,-0.0142250108
0.57008,-0.0154161565
0.57024,-0.0158558488
0.5704,-0.015748499
0.57056,-0.0142014818
0.57072,-0.0154088018
0.57088,-0.0163896549
0.57104,-0.0158235002
0.5712,-0.0158367325
0.57136,-0.0160690807
0.57152,-0.014354418
0.57168,-0.0151264593
0.57184,-0.0158558525
0.572,-0.016541129
0.57216,-0.0149308732
0.57232,-0.0142867733
0.57248,-0.0142911877
0.57264,-0.0144632421
0.5728,-0.01448383
0.57296,-0.0163602438
0.57312,-0.0175837465
0.57328,-0.0149911651
0.57344,-0.0163205471
0.5736,-0.0150852827
0.57376,-0.0164528936
0.57392,-0.0151735153
0.57408,-0.0159926116
0.57424,-0.0145882349
0.5744,-0.0149735231
0.57456,-0.0160279032
0.57472,-0.0163661335
0.57488,-0.014888227
0.57504,-0.0170234684
0.5752,-0.0172705185
0.57536,-0.0156176193
0.57552,-0.0168484729
0.57568,-0.0166470036
0.57584,-0.0163720138
0.576,-0.0161823183
0.57616,-0.0176572762
0.57632,-0.0175425671
0.57648,-0.0162264295
0.57664,-0.0168117061
0.5768,-0.0177543312
0.57696,-0.01807932
0.57712,-0.0164925978
0.57728,-0.0166190658
0.57744,-0.0156264435
0.5776,-0.015372036
0.57776,-0.0153352749
0.57792,-0.0152999805
0.57808,-0.0145573551
0.57824,-0.0158926137
0.5784,-0.0135603212
0.57856,-0.0139500154
0.57872,-0.0159484968
0.57888,-0.0150852799
0.57904,-0.0160205476
0.5792,-0.0140588377
0.57936,-0.0147852879
0.57952,-0.0140853096
0.57968,-0.0138559015
0.57984,-0.0160073191
0.58,-0.0146176443
0.58016,-0.0138573702
0.58032,-0.0138970744
0.58048,-0.0148558738
0.58064,-0.0137794325
0.5808,-0.0161867235
0.58096,-0.0147323487
0.58112,-0.0143794147
0.58128,-0.0151367495
0.58144,-0.0151793947
0.5816,-0.0154411523
0.58176,-0.0126779908
0.58192,-0.0148691153
0.58208,-0.0159882009
0.58224,-0.0155573282
0.5824,-0.0160264373
0.58256,-0.0163367242
0.58272,-0.0139897205
0.58288,-0.0128779896
0.58304,-0.0136735532
0.5832,-0.0147808762
0.58336,-0.0145367673
0.58352,-0.0133044478
0.58368,-0.0130750379
0.58384,-0.0127647556
0.584,-0.0114824371
0.58416,-0.0145132393
0.58432,-0.0136867911
0.58448,-0.0133426785
0.58464,-0.0137441372
0.5848,-0.0141853057
0.58496,-0.0152338082
0.58512,-0.015051458
0.58528,-0.0139426664
0.58544,-0.0143764783
0.5856,-0.0144882416
0.58576,-0.0144029465
0.58592,-0.0143661844
0.58608,-0.0155264465
0.58624,-0.0134529723
0.5864,-0.0139161982
0.58656,-0.0127324024
0.58672,-0.013673557
0.58688,-0.0171587542
0.58704,-0.0159484949
0.5872,-0.0164558329
0.58736,-0.0159896687
0.58752,-0.0151999881
0.58768,-0.0155058568
0.58784,-0.0128382817
0.588,-0.0164278913
0.58816,-0.0170117002
0.58832,-0.0153735112
0.58848,-0.0164793655
0.58864,-0.0172411092
0.5888,-0.0146602942
0.58896,-0.0178484451
0.58912,-0.0157073252
0.58928,-0.015488212
0.58944,-0.0146029415
0.5896,-0.0150691047
0.58976,-0.0159073249
0.58992,-0.0155779133
0.59008,-0.0152499862
0.59024,-0.0163661279
0.5904,-0.015344101
0.59056,-0.0153970364
0.59072,-0.0128809288
0.59088,-0.0156543851
0.59104,-0.0150294006
0.5912,-0.0154440934
0.59136,-0.0174852218
0.59152,-0.0161249619
0.59168,-0.0169867035
0.59184,-0.0175352171
0.592,-0.0146058789
0.59216,-0.016372012
0.59232,-0.0157146789
0.59248,-0.0173352212
0.59264,-0.0155485049
0.5928,-0.0180719662
0.59296,-0.017161699
0.59312,-0.0160661377
0.59328,-0.0166499447
0.59344,-0.0168014131
0.5936,-0.0156837944
0.59376,-0.0182175525
0.59392,-0.0188190117
0.59408,-0.0152396867
0.59424,-0.0152573362
0.5944,-0.0159220211
0.59456,-0.0142779509
0.59472,-0.01489117
0.59488,-0.0152588086
0.59504,-0.0160749611
0.5952,-0.0163528956
0.59536,-0.0146470573
0.59552,-0.0142058916
0.59568,-0.0162470117
0.59584,-0.014260306
0.596,-0.0143455938
0.59616,-0.0143426508
0.59632,-0.0130368071
0.59648,-0.0139294295
0.59664,-0.015398507
0.5968,-0.0140367802
0.59696,-0.0146499984
0.59712,-0.0146088246
0.59728,-0.0147867566
0.59744,-0.0140529536
0.5976,-0.0150323426
0.59776,-0.0146647021
0.59792,-0.0150558688
0.59808,-0.0175043382
0.59824,-0.0158323236
0.5984,-0.0127529902
0.59856,-0.0157867353
0.59872,-0.015467626
0.59888,-0.0158793796
0.59904,-0.0144323539
0.5992,-0.0148338154
0.59936,-0.0142441252
0.59952,-0.0162779037
0.59968,-0.0147749959
0.59984,-0.0140926614
0.6,-0.013154448
0.60016,-0.0132735623
0.60032,-0.0137735503
0.60048,-0.013247095
0.60064,-0.0136088524
0.6008,-0.0144985327
0.60096,-0.013517675
0.60112,-0.0132059194
0.60128,-0.0119544817
0.60144,-0.0133765023
0.6016,-0.0135176731
0.60176,-0.0129029881
0.60192,-0.0140470741
0.60208,-0.0132323904
0.60224,-0.0133985598
0.6024,-0.0129559245
0.60256,-0.0173734594
0.60272,-0.0160234924
0.60288,-0.0141617786
0.60304,-0.0140867801
0.6032,-0.0140676601
0.60336,-0.0152838053
0.60352,-0.015507332
0.60368,-0.0156735051
0.60384,-0.0158602707
0.604,-0.0162896626
0.60416,-0.0143382428
0.60432,-0.0154823298
0.60448,-0.0146014709
0.60464,-0.0167999417
0.6048,-0.0158999693
0.60496,-0.0165205393
0.60512,-0.0161337834
0.60528,-0.0158926137
0.60544,-0.0154102752
0.6056,-0.0155235045
0.60576,-0.014177952
0.60592,-0.0156749748
0.60608,-0.0162337814
0.60624,-0.0146147078
0.6064,-0.0156308599
0.60656,-0.0162881948
0.60672,-0.0168940611
0.60688,-0.0140794283
0.60704,-0.0155440923
0.6072,-0.0146558825
0.60736,-0.0157367326
0.60752,-0.0147485267
0.60768,-0.0155264437
0.60784,-0.0165925957
0.608,-0.0156367384
0.60816,-0.0155926244
0.60832,-0.0179366805
0.60848,-0.0170837604
0.60864,-0.016314663
0.6088,-0.015294103
0.60896,-0.0168646481
0.60912,-0.0169411153
0.60928,-0.0168234743
0.60944,-0.0180278569
0.6096,-0.0160558484
0.60976,-0.0159470234
0.60992,-0.0173411071
0.61008,-0.0156837944
0.61024,-0.0165102463
0.6104,-0.0154485088
0.61056,-0.016595535
0.61072,-0.0172455162
0.61088,-0.0156117361
0.61104,-0.0147455838
0.6112,-0.0158161409
0.61136,-0.0163778942
0.61152,-0.015905844
0.61168,-0.015411743
0.61184,-0.0169264097
0.612,-0.0143220676
0.61216,-0.0141823646
0.61232,-0.0143897096
0.61248,-0.0165205374
0.61264,-0.0145029416
0.6128,-0.0133985616
0.61296,-0.0141500104
0.61312,-0.0153455706
0.61328,-0.0158764366
0.61344,-0.0155911483
0.6136,-0.0140750119
0.61376,-0.0144617679
0.61392,-0.0134132644
0.61408,-0.0143500026
0.61424,-0.0144514758
0.6144,-0.0164470132
0.61456,-0.0179616809
0.61472,-0.0144058876
0.61488,-0.0144264782
0.61504,-0.01532498
0.6152,-0.0160676092
0.61536,-0.01500146
0.61552,-0.0149794016
0.61568,-0.0154543882
0.61584,-0.0138750216
0.616,-0.0147617618
0.61616,-0.0142264785
0.61632,-0.0136647308
0.61648,-0.0143279471
0.61664,-0.014533828
0.6168,-0.0146867633
0.61696,-0.0143500092
0.61712,-0.0143485386
0.61728,-0.0143853007
0.61744,-0.0119044799
0.6176,-0.0129088666
0.61776,-0.0124706458
0.61792,-0.0130794533
0.61808,-0.0131500401
0.61824,-0.0157117397
0.6184,-0.0145970611
0.61856,-0.0140794301
0.61872,-0.0147367623
0.61888,-0.0142750079
0.61904,-0.0145147098
0.6192,-0.014457358
0.61936,-0.0148529336
0.61952,-0.0137911951
0.61968,-0.0143985348
0.61984,-0.013463269
0.62,-0.0138441361
0.62016,-0.0159293804
0.62032,-0.0160911456
0.62048,-0.0146397008
0.62064,-0.0172852241
0.6208,-0.0166264195
0.62096,-0.01569115
0.62112,-0.0127441678
0.62128,-0.0148367584
0.62144,-0.0150514646
0.6216,-0.0155338021
0.62176,-0.01609849
0.62192,-0.0151602821
0.62208,-0.0133529762
0.62224,-0.0153896874
0.6224,-0.0166190658
0.62256,-0.0159793738
0.62272,-0.0138706071
0.62288,-0.0144014759
0.62304,-0.015014695
0.6232,-0.0162087809
0.62336,-0.0158132054
0.62352,-0.0144250058
0.62368,-0.0144161806
0.62384,-0.016605828
0.624,-0.0159440823
0.62416,-0.0161837824
0.62432,-0.014270599
0.62448,-0.0163028985
0.62464,-0.0172058139
0.6248,-0.016441131
0.62496,-0.0166720059
0.62512,-0.0166734792
0.62528,-0.0154749779
0.62544,-0.0150749888
0.6256,-0.0173572805
0.62576,-0.017969029
0.62592,-0.0174278691
0.62608,-0.0170955248
0.62624,-0.0178616755
0.6264,-0.0166675933
0.62656,-0.0175146274
0.62672,-0.0153661584
0.62688,-0.0167308301
0.62704,-0.0164014269
0.6272,-0.015924966
0.62736,-0.0162146632
0.62752,-0.01470441
0.62768,-0.0143103004
0.62784,-0.0159264393
0.628,-0.0151793957
0.62816,-0.0141088385
0.62832,-0.0148191117
0.62848,-0.0158190876
0.62864,-0.0159558468
0.6288,-0.015404392
0.62896,-0.0153705655
0.62912,-0.0150691038
0.62928,-0.0141838323
0.62944,-0.0136720808
0.6296,-0.0153808622
0.62976,-0.0157661438
0.62992,-0.0143808881
0.63008,-0.0136132613
0.63024,-0.0145044122
0.6304,-0.0148205841
0.63056,-0.0145529415
0.63072,-0.0156955551
0.63088,-0.0166852381
0.63104,-0.0159632023
0.6312,-0.0144397095
0.63136,-0.0131191527
0.63152,-0.012533877
0.63168,-0.0138588399
0.63184,-0.0141367773
0.632,-0.0164161306
0.63216,-0.0161955506
0.63232,-0.0151588079
0.63248,-0.0157808568
0.63264,-0.0148999915
0.6328,-0.0146323554
0.63296,-0.0152573325
0.63312,-0.013507382
0.63328,-0.01324121
0.63344,-0.0135279689
0.6336,-0.0145220589
0.63376,-0.0146588245
0.63392,-0.0146220569
0.63408,-0.0125103453
0.63424,-0.0129294554
0.6344,-0.0135529684
0.63456,-0.0115794921
0.63472,-0.0127676949
0.63488,-0.0141588328
0.63504,-0.0144308861
0.6352,-0.0149955787
0.63536,-0.0137220807
0.63552,-0.0135559104
0.63568,-0.0145749981
0.63584,-0.0141455997
0.636,-0.015364687
0.63616,-0.0149338152
0.63632,-0.0152558694
0.63648,-0.0142794196
0.63664,-0.015027931
0.6368,-0.0150058689
0.63696,-0.0147588197
0.63712,-0.015670564
0.63728,-0.0153161623
0.63744,-0.0140279587
0.6376,-0.0141573623
0.63776,-0.0149514684
0.63792,-0.014824993
0.63808,-0.0164381973
0.63824,-0.0156617425
0.6384,-0.0160793755
0.63856,-0.0159308538
0.63872,-0.0157676209
0.63888,-0.0151896914
0.63904,-0.014691175
0.6392,-0.0157235004
0.63936,-0.0147720575
0.63952,-0.0144058894
0.63968,-0.0179602094
0.63984,-0.0153955678
0.64,-0.014667647
0.64016,-0.0155970352
0.64032,-0.0154617419
0.64048,-0.0138926692
0.64064,-0.0145264724
0.6408,-0.0145941218
0.64096,-0.0156896766
0.64112,-0.0150558688
0.64128,-0.0158617347
0.64144,-0.0161940772
0.6416,-0.0162852462
0.64176,-0.0170881674
0.64192,-0.0157323256
0.64208,-0.0149117578
0.64224,-0.0155029185
0.6424,-0.0166808292
0.64256,-0.017579332
0.64272,-0.016951412
0.64288,-0.0181234386
0.64304,-0.0157646798
0.6432,-0.0162793696
0.64336,-0.0167852361
0.64352,-0.0162720159
0.64368,-0.0162323117
0.64384,-0.0166190639
0.644,-0.0152058667
0.64416,-0.0166484788
0.64432,-0.0166793577
0.64448,-0.0153985107
0.64464,-0.0140926614
0.6448,-0.015924966
0.64496,-0.0152132222
0.64512,-0.015914673
0.64528,-0.0141941309
0.64544,-0.0151793975
0.6456,-0.0156396776
0.64576,-0.0141220726
0.64592,-0.0154293859
0.64608,-0.0143529475
0.64624,-0.0132618025
0.6464,-0.0142558925
0.64656,-0.0147617571
0.64672,-0.0140676592
0.64688,-0.0131397434
0.64704,-0.0134456158
0.6472,-0.014604412
0.64736,-0.0148470523
0.64752,-0.0166396555
0.64768,-0.0144382399
0.64784,-0.0129956305
0.648,-0.0152176321
0.64816,-0.0149911623
0.64832,-0.0138764912
0.64848,-0.0152382161
0.64864,-0.0164337773
0.6488,-0.0145661784
0.64896,-0.0146617619
0.64912,-0.0139853097
0.64928,-0.0152073437
0.64944,-0.0148867592
0.6496,-0.0154411532
0.64976,-0.0147014689
0.64992,-0.0136353206
0.65008,-0.01443383
0.65024,-0.0139411911
0.6504,-0.0148205832
0.65056,-0.0141294254
0.65072,-0.0129868053
0.65088,-0.0134897353
0.65104,-0.0129059255
0.6512,-0.0129573997
0.65136,-0.0137426723
0.65152,-0.0132985637
0.65168,-0.0156749673
0.65184,-0.0145382397
0.652,-0.0139956065
0.65216,-0.0138617866
0.65232,-0.0142544182
0.65248,-0.0135985576
0.65264,-0.014914698
0.6528,-0.0146220606
0.65296,-0.0150705762
0.65312,-0.0150455786
0.65328,-0.0162793696
0.65344,-0.0149999904
0.6536,-0.0162381958
0.65376,-0.0169911198
0.65392,-0.0153970402
0.65408,-0.0151573401
0.65424,-0.0150058744
0.6544,-0.0155558633
0.65456,-0.0156102693
0.65472,-0.016329363
0.65488,-0.0164337773
0.65504,-0.0160940774
0.6552,-0.0156205641
0.65536,-0.0153749809
0.65552,-0.0156926196
0.65568,-0.0153985042
0.65584,-0.0152926315
0.656,-0.0160411391
0.65616,-0.0160808433
0.65632,-0.0146264713
0.65648,-0.0151691074
0.65664,-0.0151441032
0.6568,-0.0139720729
0.65696,-0.0160073191
0.65712,-0.0145647097
0.65728,-0.0147676459
0.65744,-0.0153485117
0.6576,-0.0137720807
0.65776,-0.0160690807
0.65792,-0.0165514201
0.65808,-0.0178513862
0.65824,-0.0152926296
0.6584,-0.0167205334
0.65856,-0.0170572903
0.65872,-0.0164793655
0.65888,-0.0169558208
0.65904,-0.0168161169
0.6592,-0.0165661257
0.65936,-0.0170572884
0.65952,-0.0183910765
0.65968,-0.0155029185
0.65984,-0.0161764286
0.66,-0.0158646759
0.66016,-0.0150205754
0.66032,-0.0172852278
0.66048,-0.0175955091
0.66064,-0.0161190797
0.6608,-0.0144073563
0.66096,-0.0149749927
0.66112,-0.0166896507
0.66128,-0.0147264674
0.66144,-0.0154279191
0.6616,-0.0139220776
0.66176,-0.0148088196
0.66192,-0.0165087748
0.66208,-0.016995525
0.66224,-0.0155220348
0.6624,-0.0147441179
0.66256,-0.0142779499
0.66272,-0.0135338521
0.66288,-0.0143353008
0.66304,-0.0155087998
0.6632,-0.0154132117
0.66336,-0.0119897714
0.66352,-0.0142353028
0.66368,-0.0149529334
0.66384,-0.014530885
0.664,-0.0142500075
0.66416,-0.0148161706
0.66432,-0.0164720081
0.66448,-0.015832318
0.66464,-0.014648526
0.6648,-0.0154323308
0.66496,-0.0143779442
0.66512,-0.014551471
0.66528,-0.015364686
0.66544,-0.0143647119
0.6656,-0.0133323856
0.66576,-0.0155293876
0.66592,-0.0154529177
0.66608,-0.0149411689
0.66624,-0.0145705882
0.6664,-0.0148499906
0.66656,-0.0140691316
0.66672,-0.0142161883
0.66688,-0.0127412267
0.66704,-0.0136970812
0.6672,-0.0140441302
0.66736,-0.0150029305
0.66752,-0.0120500671
0.66768,-0.0131176831
0.66784,-0.0136367874
0.668,-0.0135147339
0.66816,-0.0148911681
0.66832,-0.014854406
0.66848,-0.0134382658
0.66864,-0.0138882548
0.6688,-0.0147367641
0.66896,-0.0148102911
0.66912,-0.0146382358
0.66928,-0.016614655
0.66944,-0.0150264632
0.6696,-0.0147735244
0.66976,-0.0142426556
0.66992,-0.0137397274
0.67008,-0.0157984979
0.67024,-0.0163529012
0.6704,-0.0153235132
0.67056,-0.0165778864
0.67072,-0.0163470209
0.67088,-0.0151970452
0.67104,-0.0158190858
0.6712,-0.0162323117
0.67136,-0.0148779312
0.67152,-0.0150411651
0.67168,-0.0161661357
0.67184,-0.0155132171
0.672,-0.016204372
0.67216,-0.0146249961
0.67232,-0.0163249541
0.67248,-0.0152999833
0.67264,-0.0138059026
0.6728,-0.0150058744
0.67296,-0.0166587662
0.67312,-0.0152926287
0.67328,-0.0148617569
0.67344,-0.0160029046
0.6736,-0.0149911651
0.67376,-0.0143955965
0.67392,-0.0168749411
0.67408,-0.0157440938
0.67424,-0.0144500043
0.6744,-0.0152602745
0.67456,-0.0156337954
0.67472,-0.0158499703
0.67488,-0.0157690868
0.67504,-0.0155543862
0.6752,-0.0147117628
0.67536,-0.0169117041
0.67552,-0.0172852259
0.67568,-0.0160602629
0.67584,-0.0165014211
0.676,-0.0160558484
0.67616,-0.0156058567
0.67632,-0.0181999039
0.67648,-0.0187572483
0.67664,-0.0150073431
0.6768,-0.0164837725
0.67696,-0.0167249441
0.67712,-0.0158764385
0.67728,-0.0163043663
0.67744,-0.0156734996
0.6776,-0.014494122
0.67776,-0.0147470534
0.67792,-0.0150117557
0.67808,-0.0171337575
0.67824,-0.0164440721
0.6784,-0.0157602634
0.67856,-0.0160367265
0.67872,-0.0147573501
0.67888,-0.0135397315
0.67904,-0.0149838114
0.6792,-0.0150573412
0.67936,-0.0151132224
0.67952,-0.0145191187
0.67968,-0.0152176339
0.67984,-0.0130368061
0.68,-0.015674971
0.68016,-0.0143779442
0.68032,-0.0155264465
0.68048,-0.013630908
0.68064,-0.014570591
0.6808,-0.0147220567
0.68096,-0.0141073642
0.68112,-0.0151588107
0.68128,-0.0161205474
0.68144,-0.013888251
0.6816,-0.0129265115
0.68176,-0.015651444
0.68192,-0.0169955269
0.68208,-0.0158367325
0.68224,-0.0152352825
0.6824,-0.0148617607
0.68256,-0.0142794205
0.68272,-0.0141441282
0.68288,-0.0140823647
0.68304,-0.0131088607
0.6832,-0.0135647329
0.68336,-0.0118883057
0.68352,-0.0152823338
0.68368,-0.0142220696
0.68384,-0.0153279249
0.684,-0.0146367596
0.68416,-0.0133573813
0.68432,-0.0104280505
0.68448,-0.013014745
0.68464,-0.013539739
0.6848,-0.0146264676
0.68496,-0.0152132157
0.68512,-0.0144250039
0.68528,-0.0142897135
0.68544,-0.0143191237
0.6856,-0.0137985516
0.68576,-0.0139308991
0.68592,-0.0152764572
0.68608,-0.0150426347
0.68624,-0.0134426774
0.6864,-0.0146279391
0.68656,-0.014777936
0.68672,-0.0157587957
0.68688,-0.0152941039
0.68704,-0.0165470112
0.6872,-0.0158955529
0.68736,-0.0139000239
0.68752,-0.0149191152
0.68768,-0.0139264939
0.68784,-0.0162646677
0.688,-0.0167720038
0.68816,-0.0156926233
0.68832,-0.0155867422
0.68848,-0.0163396634
0.68864,-0.0172278732
0.6888,-0.0143661844
0.68896,-0.0154396882
0.68912,-0.0165587738
0.68928,-0.0153940991
0.68944,-0.017014645
0.6896,-0.0166911241
0.68976,-0.012960339
0.68992,-0.0136514967
0.69008,-0.0151279261
0.69024,-0.0147352945
0.6904,-0.0144691188
0.69056,-0.0165543593
0.69072,-0.015507333
0.69088,-0.0162499547
0.69104,-0.0155749749
0.6912,-0.016120553
0.69136,-0.0151264528
0.69152,-0.0177205093
0.69168,-0.0168102365
0.69184,-0.0164602455
0.692,-0.0163602475
0.69216,-0.0159073193
0.69232,-0.017114643
0.69248,-0.0164073016
0.69264,-0.0169867035
0.6928,-0.0179999117
0.69296,-0.0164073054
0.69312,-0.0167852361
0.69328,-0.0173028745
0.69344,-0.0164234862
0.6936,-0.016742589
0.69376,-0.0153279202
0.69392,-0.0159293767
0.69408,-0.016735239
0.69424,-0.0156029165
0.6944,-0.0146279391
0.69456,-0.0142455986
0.69472,-0.0166234765
0.69488,-0.015298509
0.69504,-0.0137735512
0.6952,-0.0141176581
0.69536,-0.0160573144
0.69552,-0.0165470075
0.69568,-0.0142000113
0.69584,-0.0162043702
0.696,-0.0152264545
0.69616,-0.0136162024
0.69632,-0.0143205971
0.69648,-0.0139088379
0.69664,-0.0160337873
0.6968,-0.0170072913
0.69696,-0.0142073631
0.69712,-0.0135353245
0.69728,-0.0141117759
0.69744,-0.0149088129
0.6976,-0.0150529305
0.69776,-0.0149794025
0.69792,-0.0158176124
0.69808,-0.0166322999
0.69824,-0.0161779001
0.6984,-0.0146926446
0.69856,-0.0138441343
0.69872,-0.0148441112
0.69888,-0.0147882309
0.69904,-0.0174043383
0.6992,-0.0146661764
0.69936,-0.0141456034
0.69952,-0.0143058915
0.69968,-0.012980924
0.69984,-0.0132353306
0.7,-0.0151264556
0.70016,-0.0143441232
0.70032,-0.0137162013
0.70048,-0.0145823509
0.70064,-0.0128573971
0.7008,-0.0135514969
0.70096,-0.0136764962
0.70112,-0.0134191494
0.70128,-0.0131868003
0.70144,-0.015258804
0.7016,-0.0138059026
0.70176,-0.0151117556
0.70192,-0.0139911892
0.70208,-0.0131750377
0.70224,-0.0153838098
0.7024,-0.0143691264
0.70256,-0.0134956185
0.70272,-0.0139367832
0.70288,-0.0139073711
0.70304,-0.0162823126
0.7032,-0.0146014718
0.70336,-0.0147911729
0.70352,-0.0141617768
0.70368,-0.0148544051
0.70384,-0.0159940831
0.704,-0.0161440745
0.70416,-0.0152852796
0.70432,-0.0152926296
0.70448,-0.0154661518
0.70464,-0.0157043822
0.7048,-0.014794114
0.70496,-0.0164764207
0.70512,-0.0170102343
0.70528,-0.0166543573
0.70544,-0.0148455836
0.7056,-0.0161190797
0.70576,-0.0141117796
0.70592,-0.0153205693
0.70608,-0.0151735144
0.70624,-0.0146264732
0.7064,-0.016367605
0.70656,-0.0153102763
0.70672,-0.0154617429
0.70688,-0.016688183
0.70704,-0.0158632062
0.7072,-0.0144029446
0.70736,-0.0152676366
0.70752,-0.0145000033
0.70768,-0.0149808731
0.70784,-0.0162308402
0.708,-0.0161955487
0.70816,-0.0161720179
0.70832,-0.0158117358
0.70848,-0.0169264097
0.70864,-0.01611026
0.7088,-0.0159749649
0.70896,-0.0154514508
0.70912,-0.0172102246
0.70928,-0.0174778625
0.70944,-0.0162631925
0.7096,-0.018595485
0.70976,-0.0182616655
0.70992,-0.0172646325
0.71008,-0.0153499814
0.71024,-0.0156867411
0.7104,-0.014530886
0.71056,-0.0143632405
0.71072,-0.015338216
0.71088,-0.0168308206
0.71104,-0.0163293686
0.7112,-0.0167661216
0.71136,-0.0167955309
0.71152,-0.0169249345
0.71168,-0.0144000035
0.71184,-0.0140691306
0.712,-0.0170734655
0.71216,-0.0152235106
0.71232,-0.0133970911
0.71248,-0.0133088576
0.71264,-0.0141367745
0.7128,-0.0152323376
0.71296,-0.0151867503
0.71312,-0.0139132552
0.71328,-0.0140706021
0.71344,-0.0140823647
0.7136,-0.0143794166
0.71376,-0.0152426306
0.71392,-0.0142323608
0.71408,-0.0164396595
0.71424,-0.0142205991
0.7144,-0.0170925837
0.71456,-0.0153632183
0.71472,-0.0132088587
0.71488,-0.0125132883
0.71504,-0.0133456234
0.7152,-0.0145632382
0.71536,-0.0143176541
0.71552,-0.0143808862
0.71568,-0.0140132494
0.71584,-0.0161470193
0.716,-0.014341183
0.71616,-0.0139117809
0.71632,-0.0136044361
0.71648,-0.0160529055
0.71664,-0.01302798
0.7168,-0.0136500197
0.71696,-0.0144441184
0.71712,-0.0153690986
0.71728,-0.0131720947
0.71744,-0.0132353315
0.7176,-0.0132603291
0.71776,-0.012794164
0.71792,-0.0136191435
0.71808,-0.0139838383
0.71824,-0.014580884
0.7184,-0.0136514986
0.71856,-0.0138750188
0.71872,-0.0151999798
0.71888,-0.0130147468
0.71904,-0.0142823635
0.7192,-0.0136250239
0.71936,-0.0125515228
0.71952,-0.0136779658
0.71968,-0.0165411253
0.71984,-0.0130926855
0.72,-0.0152646909
0.72016,-0.0162293706
0.72032,-0.0144308861
0.72048,-0.0159043781
0.72064,-0.0180028528
0.7208,-0.0131691545
0.72096,-0.0153602781
0.72112,-0.0147514697
0.72128,-0.0161073133
0.72144,-0.0145367645
0.7216,-0.0147779398
0.72176,-0.0139264856
0.72192,-0.0158426166
0.72208,-0.0168661196
0.72224,-0.0156029174
0.7224,-0.0150352838
0.72256,-0.0154588018
0.72272,-0.0145411771
0.72288,-0.015474977
0.72304,-0.0159676149
0.7232,-0.0156661514
0.72336,-0.0179131459
0.72352,-0.0157264378
0.72368,-0.0148544069
0.72384,-0.0153249819
0.724,-0.0148147037
0.72416,-0.0150867505
0.72432,-0.0146397064
0.72448,-0.0156117361
0.72464,-0.016451424
0.7248,-0.0172102284
0.72496,-0.016195545
0.72512,-0.0152102746
0.72528,-0.0158029087
0.72544,-0.016722003
0.7256,-0.0165734794
0.72576,-0.0173219927
0.72592,-0.0172396395
0.72608,-0.0172469914
0.72624,-0.0167367123
0.7264,-0.0164264236
0.72656,-0.0158043783
0.72672,-0.01553821
0.72688,-0.0162631907
0.72704,-0.0159926116
0.7272,-0.0159999616
0.72736,-0.0175440386
0.72752,-0.0166161247
0.72768,-0.0142882429
0.72784,-0.0157323238
0.728,-0.0156793855
0.72816,-0.0170940533
0.72832,-0.0148911672
0.72848,-0.0131603312
0.72864,-0.0137970801
0.7288,-0.0154529177
0.72896,-0.0151338084
0.72912,-0.0142735355
0.72928,-0.0144588277
0.72944,-0.0173116941
0.7296,-0.0148985209
0.72976,-0.0141750081
0.72992,-0.0134647349
0.73008,-0.0159426089
0.73024,-0.0142294215
0.7304,-0.0144823594
0.73056,-0.014864699
0.73072,-0.016145546
0.73088,-0.0132618006
0.73104,-0.0154808611
0.7312,-0.0153220408
0.73136,-0.0158396736
0.73152,-0.0145073561
0.73168,-0.0145205902
0.73184,-0.0150896935
0.732,-0.0153543893
0.73216,-0.0164690707
0.73232,-0.0147676412
0.73248,-0.0137691386
0.73264,-0.0159499664
0.7328,-0.0138382576
0.73296,-0.0137720769
0.73312,-0.014698525
0.73328,-0.0137485545
0.73344,-0.0131603312
0.7336,-0.0141308969
0.73376,-0.0133382687
0.73392,-0.012544171
0.73408,-0.0137882559
0.73424,-0.013520617
0.7344,-0.0123765282
0.73456,-0.0148161706
0.73472,-0.0125529934
0.73488,-0.0123338839
0.73504,-0.0119941859
0.7352,-0.0151249859
0.73536,-0.0157779083
0.73552,-0.0155838029
0.73568,-0.0160029083
0.73584,-0.0149838133
0.736,-0.0130985714
0.73616,-0.014114718
0.73632,-0.013977956
0.73648,-0.0128000434
0.73664,-0.0152264545
0.7368,-0.014624998
0.73696,-0.014741173
0.73712,-0.0164558329
0.73728,-0.0151176332
0.73744,-0.0149146952
0.7376,-0.0132544469
0.73776,-0.01531028
0.73792,-0.014123545
0.73808,-0.0151941041
0.73824,-0.0151779279
0.7384,-0.0148220537
0.73856,-0.0163720138
0.73872,-0.0178057998
0.73888,-0.0150279328
0.73904,-0.0164646618
0.7392,-0.0147661744
0.73936,-0.0151573354
0.73952,-0.0134250317
0.73968,-0.0163102504
0.73984,-0.0162734892
0.74,-0.016838178
0.74016,-0.0155808562
0.74032,-0.0162734892
0.74048,-0.0151485158
0.74064,-0.0163190719
0.7408,-0.0160955526
0.74096,-0.0140029583
0.74112,-0.0147249978
0.74128,-0.0155735034
0.74144,-0.0160926096
0.7416,-0.0167558305
0.74176,-0.0186087191
0.74192,-0.0158293806
0.74208,-0.0164984781
0.74224,-0.0174911041
0.7424,-0.0169690587
0.74256,-0.0180366766
0.74272,-0.016751416
0.74288,-0.0177175682
0.74304,-0.0161455441
0.7432,-0.0162352491
0.74336,-0.016088197
0.74352,-0.0180190299
0.74368,-0.0168293566
0.74384,-0.0166822933
0.744,-0.0147544071
0.74416,-0.0138720749
0.74432,-0.0173602179
0.74448,-0.0160955507
0.74464,-0.0151691027
0.7448,-0.0169102363
0.74496,-0.0171455201
0.74512,-0.014938226
0.74528,-0.0149485171
0.74544,-0.0142147178
0.7456,-0.0135603249
0.74576,-0.0132970931
0.74592,-0.0156470314
0.74608,-0.0148573443
0.74624,-0.01449853
0.7464,-0.0135559095
0.74656,-0.0155470315
0.74672,-0.0140411919
0.74688,-0.014804408
0.74704,-0.0144308871
0.7472,-0.0139676612
0.74736,-0.0145514719
0.74752,-0.0153955687
0.74768,-0.0154161528
0.74784,-0.0150470454
0.748,-0.0156308562
0.74816,-0.0140206032
0.74832,-0.0137573732
0.74848,-0.0154382167
0.74864,-0.0144029455
0.7488,-0.0152058657
0.74896,-0.0158014372
0.74912,-0.0151896905
0.74928,-0.0135367941
0.74944,-0.0140735451
0.7496,-0.0129515147
0.74976,-0.0146147069
0.74992,-0.0138588436
0.75008,-0.0123971142
0.75024,-0.0141426595
0.7504,-0.0132162143
0.75056,-0.0129382797
0.75072,-0.0144294174
0.75088,-0.0142220668
0.75104,-0.013030923
0.7512,-0.0130691556
0.75136,-0.0150558706
0.75152,-0.0139367823
0.75168,-0.013498554
0.75184,-0.0147941103
0.752,-0.0134500312
0.75216,-0.0136500252
0.75232,-0.0148294102
0.75248,-0.0162896626
0.75264,-0.0142691275
0.7528,-0.0151411612
0.75296,-0.0147191146
0.75312,-0.014794114
0.75328,-0.0168308262
0.75344,-0.0157940891
0.7536,-0.0144000035
0.75376,-0.0162528995
0.75392,-0.0170749351
0.75408,-0.0153617458
0.75424,-0.0168264173
0.7544,-0.0156955626
0.75456,-0.015524976
0.75472,-0.0150632216
0.75488,-0.0164602455
0.75504,-0.0168455355
0.7552,-0.0170028806
0.75536,-0.0151088117
0.75552,-0.01520734
0.75568,-0.0150764631
0.75584,-0.015224983
0.756,-0.0145985307
0.75616,-0.01480735
0.75632,-0.0147117646
0.75648,-0.0154029205
0.75664,-0.0161029026
0.7568,-0.0151426336
0.75696,-0.014730881
0.75712,-0.0145352939
0.75728,-0.0159205552
0.75744,-0.0166470036
0.7576,-0.0163455419
0.75776,-0.0164381862
0.75792,-0.0161073133
0.75808,-0.0133926766
0.75824,-0.0162852481
0.7584,-0.0152632212
0.75856,-0.0167190656
0.75872,-0.0158661418
0.75888,-0.0149352839
0.75904,-0.01707788
0.7592,-0.0174925737
0.75936,-0.0177396256
0.75952,-0.0168867055
0.75968,-0.0174940415
0.75984,-0.0174425729
0.76,-0.0156132076
0.76016,-0.016272014
0.76032,-0.0156102674
0.76048,-0.0153690958
0.76064,-0.0173631664
0.7608,-0.0154779181
0.76096,-0.0145323537
0.76112,-0.0156926196
0.76128,-0.0151191028
0.76144,-0.0157837942
0.7616,-0.0145426486
0.76176,-0.0154823316
0.76192,-0.016055841
0.76208,-0.0153690968
0.76224,-0.0142029515
0.7624,-0.016127903
0.76256,-0.0141323665
0.76272,-0.0136191417
0.76288,-0.014827936
0.76304,-0.0139426645
0.7632,-0.0150191048
0.76336,-0.0152499825
0.76352,-0.0144205932
0.76368,-0.0165014192
0.76384,-0.0155308582
0.764,-0.0147794094
0.76416,-0.0143823568
0.76432,-0.0149308741
0.76448,-0.015164691
0.76464,-0.0148058785
0.7648,-0.0154896863
0.76496,-0.0137397274
0.76512,-0.016388189
0.76528,-0.0166293532
0.76544,-0.0149176382
0.7656,-0.0156264417
0.76576,-0.0162234847
0.76592,-0.0146117657
0.76608,-0.0145705929
0.76624,-0.0120383026
0.7664,-0.0141750118
0.76656,-0.0143985339
0.76672,-0.0138926655
0.76688,-0.0144308889
0.76704,-0.0160043743
0.7672,-0.0154205663
0.76736,-0.0130103352
0.76752,-0.0138926674
0.76768,-0.0130971
0.76784,-0.011533902
0.768,-0.0122265341
0.76816,-0.0126750488
0.76832,-0.0144397067
0.76848,-0.0157676209
0.76864,-0.015474976
0.7688,-0.0140338372
0.76896,-0.0147602893
0.76912,-0.0125897611
0.76928,-0.0148294074
0.76944,-0.0136250267
0.7696,-0.0164690707
0.76976,-0.0156852715
0.76992,-0.0144044189
0.77008,-0.0159793794
0.77024,-0.0163440704
0.7704,-0.0148264617
0.77056,-0.0146367662
0.77072,-0.0164484847
0.77088,-0.0157293882
0.77104,-0.0156352688
0.7712,-0.0157323219
0.77136,-0.0163264275
0.77152,-0.0158132054
0.77168,-0.015044109
0.77184,-0.0142161883
0.772,-0.016267607
0.77216,-0.0169278812
0.77232,-0.015508798
0.77248,-0.014577942
0.77264,-0.0139367813
0.7728,-0.0156323314
0.77296,-0.0162646659
0.77312,-0.0169631746
0.77328,-0.01550439
0.77344,-0.0143411811
0.7736,-0.0152411601
0.77376,-0.0136529664
0.77392,-0.0158558544
0.77408,-0.0142691284
0.77424,-0.0143603012
0.7744,-0.0165146571
0.77456,-0.0184204895
0.77472,-0.0161367245
0.77488,-0.0161881987
0.77504,-0.0152676329
0.7752,-0.0172719918
0.77536,-0.0148852859
0.77552,-0.0157411452
0.77568,-0.0162117258
0.77584,-0.019449871
0.776,-0.0190028287
0.77616,-0.0176131576
0.77632,-0.0164131932
0.77648,-0.0158852581
0.77664,-0.0157117359
0.7768,-0.0152323358
0.77696,-0.0152926296
0.77712,-0.0177954994
0.77728,-0.0168617014
0.77744,-0.0162720159
0.7776,-0.0157793816
0.77776,-0.0154132126
0.77792,-0.015969079
0.77808,-0.016174959
0.77824,-0.0150323436
0.7784,-0.0153440991
0.77856,-0.0151455756
0.77872,-0.0147029385
0.77888,-0.0142750088
0.77904,-0.0136367893
0.7792,-0.0171881672
0.77936,-0.0154573312
0.77952,-0.0148235243
0.77968,-0.0148867555
0.77984,-0.0138661955
0.78,-0.0156205622
0.78016,-0.0157793798
0.78032,-0.0155264484
0.78048,-0.0142279528
0.78064,-0.0141058946
0.7808,-0.0151073392
0.78096,-0.0151838064
0.78112,-0.0166411232
0.78128,-0.0147529365
0.78144,-0.0137676671
0.7816,-0.0149661666
0.78176,-0.0137470802
0.78192,-0.0152793899
0.78208,-0.0158411451
0.78224,-0.0160411373
0.7824,-0.0148955788
0.78256,-0.0147632333
0.78272,-0.0138426665
0.78288,-0.0131588625
0.78304,-0.0137603134
0.7832,-0.0135985585
0.78336,-0.0144705949
0.78352,-0.013791197
0.78368,-0.0128529891
0.78384,-0.0126838759
0.784,-0.013763261
0.78416,-0.0127779897
0.78432,-0.015838204
0.78448,-0.01294416
0.78464,-0.0136191454
0.7848,-0.0130176852
0.78496,-0.0151014589
0.78512,-0.0160881951
0.78528,-0.0141661875
0.78544,-0.0138720768
0.7856,-0.0144852987
0.78576,-0.0150146931
0.78592,-0.0156382099
0.78608,-0.0142441252
0.78624,-0.0137264952
0.7864,-0.0155529203
0.78656,-0.0157279111
0.78672,-0.0146617666
0.78688,-0.0149794081
0.78704,-0.0148441093
0.7872,-0.0155205652
0.78736,-0.0158823226
0.78752,-0.0148661723
0.78768,-0.014511765
0.78784,-0.0146823535
0.788,-0.0162529051
0.78816,-0.0165176
0.78832,-0.0161352567
0.78848,-0.0158205573
0.78864,-0.0171366986
0.7888,-0.0168617032
0.78896,-0.0165749528
0.78912,-0.0147485258
0.78928,-0.0144897103
0.78944,-0.0149279311
0.7896,-0.0148294093
0.78976,-0.0160646718
0.78992,-0.014433831
0.79008,-0.0163131915
0.79024,-0.016572006
0.7904,-0.0140514849
0.79056,-0.015311745
0.79072,-0.0151367551
0.79088,-0.0170543455
0.79104,-0.0155749759
0.7912,-0.0143647147
0.79136,-0.0155985029
0.79152,-0.0167808272
0.79168,-0.0177308023
0.79184,-0.0182410851
0.792,-0.0173293445
0.79216,-0.016748473
0.79232,-0.0173528641
0.79248,-0.0152235124
0.79264,-0.0172881652
0.7928,-0.0168440565
0.79296,-0.0162676051
0.79312,-0.0168705303
0.79328,-0.0171558186
0.79344,-0.0168631729
0.7936,-0.0167087708
0.79376,-0.0158514362
0.79392,-0.0137397274
0.79408,-0.0145985298
0.79424,-0.014854406
0.7944,-0.0153911589
0.79456,-0.0167249441
0.79472,-0.015094107
0.79488,-0.0144514767
0.79504,-0.0152999833
0.7952,-0.0168175884
0.79536,-0.0151294004
0.79552,-0.014573534
0.79568,-0.0152617488
0.79584,-0.0149411689
0.796,-0.0157984961
0.79616,-0.0147955809
0.79632,-0.0131809171
0.79648,-0.0143720666
0.79664,-0.0144235352
0.7968,-0.0162852518
0.79696,-0.0141470674
0.79712,-0.0139794275
0.79728,-0.015548503
0.79744,-0.0152132157
0.7976,-0.0138647212
0.79776,-0.0149426376
0.79792,-0.0151661634
0.79808,-0.0135956109
0.79824,-0.0134456186
0.7984,-0.0147485267
0.79856,-0.0158705525
0.79872,-0.0166072994
0.79888,-0.0146558816
0.79904,-0.01462059
0.7992,-0.0149146952
0.79936,-0.0144132404
0.79952,-0.0149426395
0.79968,-0.0155367441
0.79984,-0.0151338074
0.8,-0.0129397493
0.80016,-0.0135264974
0.80032,-0.0133088566
0.80048,-0.0128162205
0.80064,-0.0145073552
0.8008,-0.0154337976
0.80096,-0.0127956364
0.80112,-0.0121603571
0.80128,-0.0146235293
0.80144,-0.0139323715
0.8016,-0.0130691575
0.80176,-0.0155440904
0.80192,-0.0148573453
0.80208,-0.0134529704
0.80224,-0.0143897124
0.8024,-0.016007321
0.80256,-0.0155852726
0.80272,-0.0149455788
0.80288,-0.0144323567
0.80304,-0.0151720457
0.8032,-0.0141367735
0.80336,-0.0169867054
0.80352,-0.0162852518
0.80368,-0.0153999776
0.80384,-0.0144323567
0.804,-0.0150308702
0.80416,-0.0159308482
0.80432,-0.0159499664
0.80448,-0.0152823348
0.80464,-0.015648501
0.8048,-0.0134220906
0.80496,-0.0145044168
0.80512,-0.0162587874
0.80528,-0.0177969821
0.80544,-0.0156735033
0.8056,-0.0146852909
0.80576,-0.0156176258
0.80592,-0.0148176402
0.80608,-0.0152661568
0.80624,-0.0165293626
0.8064,-0.0156573262
0.80656,-0.0154279247
0.80672,-0.0171631668
0.80688,-0.0151485167
0.80704,-0.0136676719
0.8072,-0.015507332
0.80736,-0.0143058933
0.80752,-0.0158661474
0.80768,-0.016422011
0.80784,-0.0152558666
0.808,-0.0163234808
0.80816,-0.0171690565
0.80832,-0.0163190737
0.80848,-0.0182410851
0.80864,-0.0178955048
0.8088,-0.0148588177
0.80896,-0.0163734835
0.80912,-0.0153543968
0.80928,-0.0173381642
0.80944,-0.0162528977
0.8096,-0.0164631866
0.80976,-0.0172058139
0.80992,-0.0180954952
0.81008,-0.0159558468
0.81024,-0.0155440941
0.8104,-0.0165440664
0.81056,-0.015567624
0.81072,-0.0154632144
0.81088,-0.0161999557
0.81104,-0.0161911342
0.8112,-0.0165293626
0.81136,-0.0144323595
0.81152,-0.0137882577
0.81168,-0.0145661803
0.81184,-0.0162337814
0.812,-0.0155293858
0.81216,-0.0153176282
0.81232,-0.015267631
0.81248,-0.0148058776
0.81264,-0.014648525
0.8128,-0.0147073511
0.81296,-0.0153014492
0.81312,-0.0142323636
0.81328,-0.0142764775
0.81344,-0.0145705938
0.8136,-0.0145308832
0.81376,-0.0152043952
0.81392,-0.0148941102
0.81408,-0.0158043783
0.81424,-0.0157220252
0.8144,-0.0147661725
0.81456,-0.0159382019
0.81472,-0.0146764666
0.81488,-0.013794139
0.81504,-0.0138661964
0.8152,-0.0152558628
0.81536,-0.0157617368
0.81552,-0.0152470386
0.81568,-0.015638208
0.81584,-0.0139632532
0.816,-0.0146455858
0.81616,-0.0130235702
0.81632,-0.0147808827
0.81648,-0.0124882907
0.81664,-0.0140411919
0.8168,-0.0140617806
0.81696,-0.0146411778
0.81712,-0.0136323757
0.81728,-0.0146955894
0.81744,-0.0144514749
0.8176,-0.0145955868
0.81776,-0.0118427174
0.81792,-0.0132500362
0.81808,-0.0136132613
0.81824,-0.0147382291
0.8184,-0.0139926644
0.81856,-0.0139191356
0.81872,-0.0141132455
0.81888,-0.0151999872
0.81904,-0.0142514817
0.8192,-0.0140103083
0.81936,-0.0149529316
0.81952,-0.0140706049
0.81968,-0.0136750238
0.81984,-0.0156867374
0.82,-0.0160852578
0.82016,-0.0164308324
0.82032,-0.015267632
0.82048,-0.014547064
0.82064,-0.0158279091
0.8208,-0.0160646681
0.82096,-0.0148985246
0.82112,-0.0155264428
0.82128,-0.0175969824
0.82144,-0.0169425867
0.8216,-0.0158779081
0.82176,-0.014938225
0.82192,-0.0155676231
0.82208,-0.0142897144
0.82224,-0.0160190798
0.8224,-0.015864674
0.82256,-0.0159161426
0.82272,-0.0140088368
0.82288,-0.0150735201
0.82304,-0.0148661658
0.8232,-0.014380889
0.82336,-0.0160852559
0.82352,-0.0158999655
0.82368,-0.014002962
0.82384,-0.0160190817
0.824,-0.0145500014
0.82416,-0.0158779062
0.82432,-0.0152602764
0.82448,-0.0160602592
0.82464,-0.0164631885
0.8248,-0.0151338065
0.82496,-0.016488187
0.82512,-0.0172219947
0.82528,-0.015730856
0.82544,-0.0147705851
0.8256,-0.0169293508
0.82576,-0.0178675633
0.82592,-0.0187837165
0.82608,-0.0174116883
0.82624,-0.0179719739
0.8264,-0.0154955667
0.82656,-0.0150808683
0.82672,-0.0180469677
0.82688,-0.0154999746
0.82704,-0.0155102685
0.8272,-0.0168940611
0.82736,-0.015474976
0.82752,-0.0148073491
0.82768,-0.0167602357
0.82784,-0.0160896685
0.828,-0.0147720547
0.82816,-0.0161926057
0.82832,-0.0166352447
0.82848,-0.0135676758
0.82864,-0.0125191696
0.8288,-0.0130029833
0.82896,-0.0148235215
0.82912,-0.0151705723
0.82928,-0.0153043922
0.82944,-0.0155323287
0.8296,-0.0155808562
0.82976,-0.0145250009
0.82992,-0.0151485149
0.83008,-0.0149411689
0.83024,-0.0153382169
0.8304,-0.0148088168
0.83056,-0.0134220878
0.83072,-0.0149676381
0.83088,-0.0141941272
0.83104,-0.0155955609
0.8312,-0.0157690886
0.83136,-0.015254396
0.83152,-0.0143955927
0.83168,-0.013857373
0.83184,-0.0160308462
0.832,-0.0161543712
0.83216,-0.0161426086
0.83232,-0.0150264567
0.83248,-0.0144500062
0.83264,-0.0152058695
0.8328,-0.0137309041
0.83296,-0.013257388
0.83312,-0.0137235522
0.83328,-0.0145970592
0.83344,-0.0143573591
0.8336,-0.0152029265
0.83376,-0.0148441121
0.83392,-0.0135176759
0.83408,-0.0129765132
0.83424,-0.0118221324
0.8344,-0.0117838969
0.83456,-0.0131309219
0.83472,-0.0152823413
0.83488,-0.014077954
0.83504,-0.0137485471
0.8352,-0.0143000111
0.83536,-0.0142500093
0.83552,-0.0146014718
0.83568,-0.0139382575
0.83584,-0.0148735214
0.836,-0.0157190897
0.83616,-0.0136264954
0.83632,-0.0150264632
0.83648,-0.0144808879
0.83664,-0.0150882211
0.8368,-0.0164455399
0.83696,-0.0168087687
0.83712,-0.0150852846
0.83728,-0.0149146961
0.83744,-0.0155602684
0.8376,-0.0150485169
0.83776,-0.013880901
0.83792,-0.0142970681
0.83808,-0.015294102
0.83824,-0.0152852749
0.8384,-0.0158396736
0.83856,-0.0160632003
0.83872,-0.0168425888
0.83888,-0.0164499506
0.83904,-0.0152323386
0.8392,-0.0139750168
0.83936,-0.0151220476
0.83952,-0.0159734916
0.83968,-0.0145823555
0.83984,-0.0147397025
0.84,-0.0155661525
0.84016,-0.0148882251
0.84032,-0.0155793875
0.84048,-0.0146191204
0.84064,-0.0144426534
0.8408,-0.0156749766
0.84096,-0.0161205456
0.84112,-0.0172999296
0.84128,-0.0148588158
0.84144,-0.0153043931
0.8416,-0.017251404
0.84176,-0.0174984541
0.84192,-0.0155396834
0.84208,-0.0158484951
0.84224,-0.016088197
0.8424,-0.0171175823
0.84256,-0.0161896665
0.84272,-0.0180896111
0.84288,-0.018058734
0.84304,-0.0182028506
0.8432,-0.0158117376
0.84336,-0.0159823187
0.84352,-0.0154838003
0.84368,-0.0176778603
0.84384,-0.0173028708
0.844,-0.0178337432
0.84416,-0.0148161696
0.84432,-0.0161323156
0.84448,-0.0138735473
0.84464,-0.0162176043
0.8448,-0.0141308932
0.84496,-0.0124750556
0.84512,-0.0149396956
0.84528,-0.0156646743
0.84544,-0.0156308543
0.8456,-0.0156014469
0.84576,-0.0158705544
0.84592,-0.0150896907
0.84608,-0.0157911461
0.84624,-0.0136632631
0.8464,-0.0139764864
0.84656,-0.0149867553
0.84672,-0.0141470712
0.84688,-0.0139485467
0.84704,-0.0144250058
0.8472,-0.0151382228
0.84736,-0.0145500042
0.84752,-0.0164205413
0.84768,-0.014969104
0.84784,-0.0144955898
0.848,-0.01492499
0.84816,-0.0144941192
0.84832,-0.0149838133
0.84848,-0.0153367463
0.84864,-0.0165837724
0.8488,-0.0142264841
0.84896,-0.0168602355
0.84912,-0.0154029224
0.84928,-0.0167646501
0.84944,-0.0140779549
0.8496,-0.014588234
0.84976,-0.0159558468
0.84992,-0.01473823
0.85008,-0.015174984
0.85024,-0.0172131658
0.8504,-0.0172293447
0.85056,-0.0154999783
0.85072,-0.0136044379
0.85088,-0.0144382399
0.85104,-0.0123912329
0.8512,-0.0172999334
0.85136,-0.018566072
0.85152,-0.0173940491
0.85168,-0.0166925862
0.85184,-0.015727913
0.852,-0.0155146876
0.85216,-0.0171543453
0.85232,-0.017201405
0.85248,-0.0166278929
0.85264,-0.0171308201
0.8528,-0.016536722
0.85296,-0.0169955231
0.85312,-0.0153529234
0.85328,-0.0176366866
0.85344,-0.0195586998
0.8536,-0.018789595
0.85376,-0.0177646261
0.85392,-0.0170719922
0.85408,-0.0189395957
0.85424,-0.0174528677
0.8544,-0.01711905
0.85456,-0.0186293107
0.85472,-0.0179028548
0.85488,-0.0195469316
0.85504,-0.0190234166
0.8552,-0.0176837407
0.85536,-0.0170925818
0.85552,-0.0176822785
0.85568,-0.0177131556
0.85584,-0.0167264119
0.856,-0.0188940074
0.85616,-0.0195469297
0.85632,-0.0192498844
0.85648,-0.019113116
0.85664,-0.0194498748
0.8568,-0.0170322936
0.85696,-0.0175631624
0.85712,-0.0177631564
0.85728,-0.0169646461
0.85744,-0.016477894
0.8576,-0.0183307827
0.85776,-0.0189190097
0.85792,-0.0184543151
0.85808,-0.018855771
0.85824,-0.0206777807
0.8584,-0.0192057621
0.85856,-0.0186763667
0.85872,-0.0196572188
0.85888,-0.0203263182
0.85904,-0.0185498986
0.8592,-0.0178572647
0.85936,-0.0196292792
0.85952,-0.0197072253
0.85968,-0.0212307088
0.85984,-0.0207498446
0.86,-0.0194366369
0.86016,-0.0190160591
0.86032,-0.0192454681
0.86048,-0.0206616074
0.86064,-0.0183528364
0.8608,-0.0184704904
0.86096,-0.0179852061
0.86112,-0.018458724
0.86128,-0.0188851841
0.86144,-0.0191248823
0.8616,-0.0178528558
0.86176,-0.0180381462
0.86192,-0.0187469572
0.86208,-0.016948469
0.86224,-0.0165543631
0.8624,-0.017308753
0.86256,-0.0173072796
0.86272,-0.0189763606
0.86288,-0.0178263914
0.86304,-0.0176822748
0.8632,-0.0161896665
0.86336,-0.0170837585
0.86352,-0.0181513783
0.86368,-0.016739646
0.86384,-0.0183204897
0.864,-0.018321963
0.86416,-0.0157367364
0.86432,-0.0167146511
0.86448,-0.0188528299
0.86464,-0.0176352151
0.8648,-0.0185293108
0.86496,-0.0184557829
0.86512,-0.0165911224
0.86528,-0.0201233905
0.86544,-0.0177234486
0.8656,-0.0161087774
0.86576,-0.0182675533
0.86592,-0.017432278
0.86608,-0.0183381364
0.86624,-0.0180925597
0.8664,-0.0190101787
0.86656,-0.0187307782
0.86672,-0.016674947
0.86688,-0.0155249778
0.86704,-0.0180057976
0.8672,-0.0172087569
0.86736,-0.0166322999
0.86752,-0.0163205471
0.86768,-0.016585242
0.86784,-0.0146485288
0.868,-0.0157043859
0.86816,-0.0179837383
0.86832,-0.0180543233
0.86848,-0.0159382001
0.86864,-0.0160514321
0.8688,-0.0180572625
0.86896,-0.0178513881
0.86912,-0.0170528814
0.86928,-0.0170381721
0.86944,-0.0188528318
0.8696,-0.0165676028
0.86976,-0.0170528796
0.86992,-0.0193837043
0.87008,-0.0195116345
0.87024,-0.0171469953
0.8704,-0.0175072737
0.87056,-0.0189763512
0.87072,-0.0184969585
0.87088,-0.0173793398
0.87104,-0.0190528296
0.8712,-0.0193484016
0.87136,-0.0189940073
0.87152,-0.0197028127
0.87168,-0.018489603
0.87184,-0.018245494
0.872,-0.0185837224
0.87216,-0.0184087269
0.87232,-0.0171131752
0.87248,-0.0173969883
0.87264,-0.0202704426
0.8728,-0.0183440205
0.87296,-0.0193631127
0.87312,-0.0188616551
0.87328,-0.0176190399
0.87344,-0.0171558149
0.8736,-0.0196219236
0.87376,-0.0172675848
0.87392,-0.0182396155
0.87408,-0.018761659
0.87424,-0.0187440086
0.8744,-0.0198057462
0.87456,-0.0172425807
0.87472,-0.0171528738
0.87488,-0.0181160904
0.87504,-0.0192719381
0.8752,-0.0198939815
0.87536,-0.0204704367
0.87552,-0.0212410036
0.87568,-0.0197675135
0.87584,-0.0187793002
0.876,-0.0198439807
0.87616,-0.0201939736
0.87632,-0.0200572088
0.87648,-0.0198778026
0.87664,-0.0192689989
0.8768,-0.0204689614
0.87696,-0.0205954369
0.87712,-0.0173543375
0.87728,-0.018795481
0.87744,-0.0196822155
0.8776,-0.0186410714
0.87776,-0.0170396399
0.87792,-0.0196557473
0.87808,-0.0196219329
0.87824,-0.0188954752
0.8784,-0.0173911061
0.87856,-0.0176028628
0.87872,-0.0168514103
0.87888,-0.0173528679
0.87904,-0.0172116961
0.8792,-0.0188337136
0.87936,-0.0181160867
0.87952,-0.0177513883
0.87968,-0.0173808094
0.87984,-0.0168514121
0.88,-0.0186748952
0.88016,-0.0171411112
0.88032,-0.0182572566
0.88048,-0.0166190639
0.88064,-0.0182131436
0.8808,-0.0189587101
0.88096,-0.0184851922
0.88112,-0.0171822868
0.88128,-0.0176572744
0.88144,-0.0181175545
0.8816,-0.0177263878
0.88176,-0.0179896168
0.88192,-0.018088147
0.88208,-0.0186043084
0.88224,-0.0172896348
0.8824,-0.0185043104
0.88256,-0.0166499503
0.88272,-0.0165484808
0.88288,-0.0167234745
0.88304,-0.0186616592
0.8832,-0.017574925
0.88336,-0.0162764285
0.88352,-0.0174102206
0.88368,-0.0165396538
0.88384,-0.0176205076
0.884,-0.0161029026
0.88416,-0.0150411623
0.88432,-0.0165970083
0.88448,-0.0161499605
0.88464,-0.017938152
0.8848,-0.0175925735
0.88496,-0.017835211
0.88512,-0.0174499266
0.88528,-0.0172602274
0.88544,-0.0159705523
0.8856,-0.0175116938
0.88576,-0.0170072913
0.88592,-0.0173131637
0.88608,-0.0182896145
0.88624,-0.017319046
0.8864,-0.0181249045
0.88656,-0.0174616929
0.88672,-0.0200748537
0.88688,-0.0187101904
0.88704,-0.0184366629
0.8872,-0.0191013534
0.88736,-0.0172661114
0.88752,-0.0184954889
0.88768,-0.0175190438
0.88784,-0.0180896204
0.888,-0.0192439947
0.88816,-0.0189704802
0.88832,-0.0193116441
0.88848,-0.0191263538
0.88864,-0.0212086514
0.8888,-0.0187234264
0.88896,-0.0173719898
0.88912,-0.0157514457
0.88928,-0.0176131576
0.88944,-0.0190778263
0.8896,-0.0201233849
0.88976,-0.0194660537
0.88992,-0.0182822496
0.89008,-0.0186469536
0.89024,-0.0191792957
0.8904,-0.0185499005
0.89056,-0.0176352169
0.89072,-0.018161675
0.89088,-0.0175616853
0.89104,-0.0181028526
0.8912,-0.0185278412
0.89136,-0.01829255
0.89152,-0.0205630772
0.89168,-0.0191792883
0.89184,-0.0204027928
0.892,-0.0198454522
0.89216,-0.0207101367
0.89232,-0.01868519
0.89248,-0.0192234106
0.89264,-0.0185793079
0.8928,-0.0193204656
0.89296,-0.0209086575
0.89312,-0.0208748374
0.89328,-0.0196469259
0.89344,-0.0189013556
0.8936,-0.0210218951
0.89376,-0.0185631327
0.89392,-0.0188793
0.89408,-0.0188557729
0.89424,-0.0181660801
0.8944,-0.0177293308
0.89456,-0.0187763646
0.89472,-0.0184499007
0.89488,-0.0167793538
0.89504,-0.0173911043
0.8952,-0.0182896126
0.89536,-0.0156308543
0.89552,-0.0178263839
0.89568,-0.0178440288
0.89584,-0.0173558127
0.896,-0.0182513762
0.89616,-0.0170528758
0.89632,-0.0186057761
0.89648,-0.0178499166
0.89664,-0.0159984902
0.8968,-0.0165455416
0.89696,-0.0180028472
0.89712,-0.0184513684
0.89728,-0.0167911146
0.89744,-0.0172911063
0.8976,-0.0173381642
0.89776,-0.0184528437
0.89792,-0.0192469452
0.89808,-0.0177984424
0.89824,-0.0173793398
0.8984,-0.0165617149
0.89856,-0.0176984463
0.89872,-0.0180557929
0.89888,-0.0176013913
0.89904,-0.0191748794
0.8992,-0.0190528277
0.89936,-0.0182219632
0.89952,-0.0185087249
0.89968,-0.0166367162
0.89984,-0.0165264215
0.9,-0.01670436
0.90016,-0.0157705583
0.90032,-0.0168734696
0.90048,-0.0160190817
0.90064,-0.0163881928
0.9008,-0.0152661595
0.90096,-0.0163176022
0.90112,-0.0175763946
0.90128,-0.0173396375
0.90144,-0.0161896665
0.9016,-0.016727889
0.90176,-0.0163999554
0.90192,-0.0163793601
0.90208,-0.0155264474
0.90224,-0.0168528873
0.9024,-0.0161720179
0.90256,-0.0163146611
0.90272,-0.0181160904
0.90288,-0.0166367143
0.90304,-0.0176116899
0.9032,-0.0199719202
0.90336,-0.0173896309
0.90352,-0.0185160767
0.90368,-0.017542569
0.90384,-0.01889842
0.904,-0.0187822469
0.90416,-0.0191969424
0.90432,-0.0177528616
0.90448,-0.0195895769
0.90464,-0.0185484253
0.9048,-0.0179087333
0.90496,-0.0165264215
0.90512,-0.0192057621
0.90528,-0.0195322279
0.90544,-0.021289533
0.9056,-0.0185249001
0.90576,-0.0176072754
0.90592,-0.0171543434
0.90608,-0.0176058058
0.90624,-0.0189351849
0.9064,-0.0207851343
0.90656,-0.0195086971
0.90672,-0.0179146249
0.90688,-0.018169025
0.90704,-0.0183131415
0.9072,-0.0182366744
0.90736,-0.0170778781
0.90752,-0.0175734572
0.90768,-0.0179646201
0.90784,-0.0197601616
0.908,-0.0193895828
0.90816,-0.0187028386
0.90832,-0.0183454901
0.90848,-0.0188248921
0.90864,-0.0198351629
0.9088,-0.0195925124
0.90896,-0.0195910558
0.90912,-0.019582225
0.90928,-0.0194189902
0.90944,-0.0197910462
0.9096,-0.0191998798
0.90976,-0.0194675177
0.90992,-0.0198013373
0.91008,-0.01967928
0.91024,-0.0192925334
0.9104,-0.018419018
0.91056,-0.0195057467
0.91072,-0.0204189606
0.91088,-0.0169411153
0.91104,-0.0175455045
0.9112,-0.0184498988
0.91136,-0.019089587
0.91152,-0.0190440025
0.91168,-0.0178013891
0.91184,-0.0173013993
0.912,-0.0179366749
0.91216,-0.0167940632
0.91232,-0.0178440325
0.91248,-0.0183896068
0.91264,-0.0177705046
0.9128,-0.017251404
0.91296,-0.017208755
0.91312,-0.0177381523
0.91328,-0.0170572866
0.91344,-0.018305786
0.9136,-0.0173175782
0.91376,-0.0174705144
0.91392,-0.0185160749
0.91408,-0.0182440225
0.91424,-0.0182366706
0.9144,-0.0185675435
0.91456,-0.0167411212
0.91472,-0.0164734814
0.91488,-0.0178969745
0.91504,-0.0188175403
0.9152,-0.0165823027
0.91536,-0.0169587657
0.91552,-0.0175528675
0.91568,-0.0187587198
0.91584,-0.0186866596
0.916,-0.0179749168
0.91616,-0.0182837266
0.91632,-0.0176263917
0.91648,-0.0171234664
0.91664,-0.0174661074
0.9168,-0.0163117182
0.91696,-0.0153514547
0.91712,-0.0163543634
0.91728,-0.016791122
0.91744,-0.015914673
0.9176,-0.0156970359
0.91776,-0.0152308661
0.91792,-0.0150514562
0.91808,-0.01649113
0.91824,-0.0165043604
0.9184,-0.016935233
0.91856,-0.0165396556
0.91872,-0.0161426105
0.91888,-0.0170837566
0.91904,-0.0165528879
0.9192,-0.01726464
0.91936,-0.0181969646
0.91952,-0.0172484647
0.91968,-0.0170499347
0.91984,-0.0170543492
0.92,-0.0174734592
0.92016,-0.0166043621
0.92032,-0.0183778405
0.92048,-0.0193351768
0.92064,-0.0184028484
0.9208,-0.0186131317
0.92096,-0.0182190277
0.92112,-0.0187807772
0.92128,-0.017644044
0.92144,-0.0186072551
0.9216,-0.0176749267
0.92176,-0.0183675494
0.92192,-0.0191778224
0.92208,-0.0171028804
0.92224,-0.0177013855
0.9224,-0.0194513518
0.92256,-0.0182984322
0.92272,-0.0179043282
0.92288,-0.0177896246
0.92304,-0.0166278891
0.9232,-0.0167190656
0.92336,-0.0173940491
0.92352,-0.0195542835
0.92368,-0.0184101984
0.92384,-0.0169499423
0.924,-0.0187101867
0.92416,-0.0189660601
0.92432,-0.0192307644
0.92448,-0.0164175984
0.92464,-0.0168720037
0.9248,-0.019113116
0.92496,-0.0198483877
0.92512,-0.0190322436
0.92528,-0.0181837324
0.92544,-0.0181940291
0.9256,-0.020082213
0.92576,-0.0207983665
0.92592,-0.0181881431
0.92608,-0.0205674917
0.92624,-0.0196807478
0.9264,-0.0195234027
0.92656,-0.0199086834
0.92672,-0.0196292792
0.92688,-0.0187366586
0.92704,-0.0196881071
0.9272,-0.0186263621
0.92736,-0.0192807615
0.92752,-0.0164220128
0.92768,-0.0152529301
0.92784,-0.0186498947
0.928,-0.0176763926
0.92816,-0.0177440364
0.92832,-0.0185822472
0.92848,-0.0170219932
0.92864,-0.018014621
0.9288,-0.0180234443
0.92896,-0.0181513783
0.92912,-0.0188013669
0.92928,-0.0171955191
0.92944,-0.0176925659
0.9296,-0.0171558149
0.92976,-0.0156617388
0.92992,-0.0172852241
0.93008,-0.0175013971
0.93024,-0.0180278476
0.9304,-0.0170028787
0.93056,-0.0176087432
0.93072,-0.0184896104
0.93088,-0.0176925641
0.93104,-0.0169469975
0.9312,-0.0178705007
0.93136,-0.0177131537
0.93152,-0.0175837465
0.93168,-0.01630437
0.93184,-0.0167381782
0.932,-0.0183631405
0.93216,-0.016144082
0.93232,-0.0174866915
0.93248,-0.0169220008
0.93264,-0.0189410634
0.9328,-0.0191822369
0.93296,-0.0161896646
0.93312,-0.0162852537
0.93328,-0.0149220498
0.93344,-0.0174587518
0.9336,-0.0177013893
0.93376,-0.0151485084
0.93392,-0.0170925818
0.93408,-0.0154985106
0.93424,-0.0163808335
0.9344,-0.0162190758
0.93456,-0.0164646544
0.93472,-0.0159867257
0.93488,-0.017117586
0.93504,-0.016761709
0.9352,-0.014977932
0.93536,-0.0147852898
0.93552,-0.016927883
0.93568,-0.0171264056
0.93584,-0.0166823026
0.936,-0.0182072576
0.93616,-0.0172337517
0.93632,-0.0175469853
0.93648,-0.016755823
0.93664,-0.0183543116
0.9368,-0.0183307882
0.93696,-0.0191513542
0.93712,-0.0179734398
0.93728,-0.0189351849
0.93744,-0.0187028386
0.9376,-0.0177852083
0.93776,-0.0167808253
0.93792,-0.0188160688
0.93808,-0.0194469281
0.93824,-0.0177131556
0.9384,-0.0177455079
0.93856,-0.0186822433
0.93872,-0.0177572686
0.93888,-0.018613128
0.93904,-0.018389605
0.9392,-0.0183778405
0.93936,-0.0182690267
0.93952,-0.0187807754
0.93968,-0.0185219534
0.93984,-0.0187793076
0.94,-0.0191925317
0.94016,-0.0170734674
0.94032,-0.0168837663
0.94048,-0.0180557966
0.94064,-0.0168572944
0.9408,-0.0181484353
0.94096,-0.0188454799
0.94112,-0.0194351673
0.94128,-0.0195836946
0.94144,-0.0193660483
0.9416,-0.0190072395
0.94176,-0.0195498765
0.94192,-0.0185072497
0.94208,-0.0187587179
0.94224,-0.0184763689
0.9424,-0.019174885
0.94256,-0.0197042786
0.94272,-0.0185837224
0.94288,-0.0185204819
0.94304,-0.0198616311
0.9432,-0.0191704687
0.94336,-0.0199601557
0.94352,-0.0174160991
0.94368,-0.0207204241
0.94384,-0.0198778044
0.944,-0.0175925698
0.94416,-0.0171219911
0.94432,-0.0170675851
0.94448,-0.0187734161
0.94464,-0.0176499188
0.9448,-0.0167058278
0.94496,-0.0169572867
0.94512,-0.0183131453
0.94528,-0.0184543114
0.94544,-0.0165323038
0.9456,-0.0172822829
0.94576,-0.0174705088
0.94592,-0.017358752
0.94608,-0.017761685
0.94624,-0.0177072715
0.9464,-0.0170764066
0.94656,-0.0172161125
0.94672,-0.0177013893
0.94688,-0.0162631907
0.94704,-0.0179660935
0.9472,-0.0161984861
0.94736,-0.0174793359
0.94752,-0.0167367104
0.94768,-0.0163205434
0.94784,-0.0169322938
0.948,-0.0163676031
0.94816,-0.0191042963
0.94832,-0.0177984461
0.94848,-0.0173366945
0.94864,-0.0175043326
0.9488,-0.0185087174
0.94896,-0.0179131497
0.94912,-0.0163764227
0.94928,-0.0177866798
0.94944,-0.0176705085
0.9496,-0.0170999393
0.94976,-0.0162896644
0.94992,-0.0155440923
0.95008,-0.0162484907
0.95024,-0.0173911098
0.9504,-0.0164970048
0.95056,-0.0155014452
0.95072,-0.0156470351
0.95088,-0.0144382352
0.95104,-0.0153470375
0.9512,-0.0172234606
0.95136,-0.0178307984
0.95152,-0.0162058361
0.95168,-0.0159808435
0.95184,-0.0182425529
0.952,-0.0172322858
0.95216,-0.0171381664
0.95232,-0.0160426088
0.95248,-0.0166499428
0.95264,-0.0176469814
0.9528,-0.0177146215
0.95296,-0.0170396455
0.95312,-0.0167970043
0.95328,-0.0180690307
0.95344,-0.0189234167
0.9536,-0.0192498788
0.95376,-0.0179425627
0.95392,-0.0177896209
0.95408,-0.0170602333
0.95424,-0.0187778324
0.9544,-0.0178675652
0.95456,-0.0194837041
0.95472,-0.0195101649
0.95488,-0.017932266
0.95504,-0.0184940174
0.9552,-0.0195733998
0.95536,-0.0181057882
0.95552,-0.0168352388
0.95568,-0.0168734714
0.95584,-0.01649113
0.956,-0.0191837065
0.95616,-0.0188851822
0.95632,-0.018588135
0.95648,-0.0170969926
0.95664,-0.01849843
0.9568,-0.0178616829
0.95696,-0.0161161367
0.95712,-0.0184087344
0.95728,-0.0168881752
0.95744,-0.0180734415
0.9576,-0.0166543555
0.95776,-0.0179205053
0.95792,-0.0191395916
0.95808,-0.018202845
0.95824,-0.0182307903
0.9584,-0.0202042647
0.95856,-0.0186234247
0.95872,-0.0190881174
0.95888,-0.0195336957
0.95904,-0.0210748315
0.9592,-0.0175808072
0.95936,-0.0193513464
0.95952,-0.0189984124
0.95968,-0.0188954789
0.95984,-0.0186822489
0.96,-0.0188587122
0.96016,-0.0203233827
0.96032,-0.0182469655
0.96048,-0.018419018
0.96064,-0.0181160867
0.9608,-0.018985182
0.96096,-0.01868519
0.96112,-0.0186072476
0.96128,-0.0183616634
0.96144,-0.0162323136
0.9616,-0.0174808111
0.96176,-0.0183837228
0.96192,-0.0170837585
0.96208,-0.0158323199
0.96224,-0.0186646022
0.9624,-0.0185969584
0.96256,-0.0157470293
0.96272,-0.0185572542
0.96288,-0.0177146252
0.96304,-0.0172425807
0.9632,-0.0169661138
0.96336,-0.0168396514
0.96352,-0.0159749631
0.96368,-0.0161058418
0.96384,-0.0160999577
0.964,-0.017617574
0.96416,-0.0167220011
0.96432,-0.0162146632
0.96448,-0.0172866937
0.96464,-0.0179616772
0.9648,-0.0179675613
0.96496,-0.0181469657
0.96512,-0.01708523
0.96528,-0.016204372
0.96544,-0.0175381582
0.9656,-0.0170602351
0.96576,-0.0185734238
0.96592,-0.0188807771
0.96608,-0.0149367563
0.96624,-0.015701443
0.9664,-0.0174587499
0.96656,-0.01649848
0.96672,-0.0169499386
0.96688,-0.0165087748
0.96704,-0.0162661355
0.9672,-0.0158264358
0.96736,-0.0151029285
0.96752,-0.0184778403
0.96768,-0.0152705722
0.96784,-0.014464708
0.968,-0.0148999933
0.96816,-0.0164764225
0.96832,-0.0164984763
0.96848,-0.0148294019
0.96864,-0.018307263
0.9688,-0.0182837285
0.96896,-0.0155088007
0.96912,-0.0170102343
0.96928,-0.0187734235
0.96944,-0.0172675792
0.9696,-0.0165131874
0.96976,-0.0152661623
0.96992,-0.0171793476
0.97008,-0.0185248982
0.97024,-0.0187543035
0.9704,-0.0196866393
0.97056,-0.0176058058
0.97072,-0.0173661038
0.97088,-0.0181852002
0.97104,-0.0184469558
0.9712,-0.0181954931
0.97136,-0.017198462
0.97152,-0.0183278453
0.97168,-0.0200292673
0.97184,-0.0185146015
0.972,-0.0175293349
0.97216,-0.0182204917
0.97232,-0.0174484607
0.97248,-0.0171896406
0.97264,-0.0165940672
0.9728,-0.0186910685
0.97296,-0.0188440066
0.97312,-0.018521959
0.97328,-0.0172175802
0.97344,-0.0175910983
0.9736,-0.0192131121
0.97376,-0.0168602392
0.97392,-0.016214665
0.97408,-0.0159926098
0.97424,-0.0161852501
0.9744,-0.0189675298
0.97456,-0.0185396075
0.97472,-0.0172866955
0.97488,-0.0183513761
0.97504,-0.0198042765
0.9752,-0.0194425173
0.97536,-0.0182793196
0.97552,-0.0193292852
0.97568,-0.0178822689
0.97584,-0.0193925202
0.976,-0.0192072354
0.97616,-0.0179440305
0.97632,-0.0193778202
0.97648,-0.0191381201
0.97664,-0.0193307586
0.9768,-0.0197601598
0.97696,-0.0175410956
0.97712,-0.0200027972
0.97728,-0.0187087171
0.97744,-0.0174249262
0.9776,-0.0175190419
0.97776,-0.0194822289
0.97792,-0.0182793178
0.97808,-0.0174249224
0.97824,-0.0171322878
0.9784,-0.0173322838
0.97856,-0.0174131598
0.97872,-0.0172675811
0.97888,-0.0170161109
0.97904,-0.0175896306
0.9792,-0.0155940903
0.97936,-0.0160381962
0.97952,-0.0171484649
0.97968,-0.0169264097
0.97984,-0.0166102424
0.98,-0.0168322958
0.98016,-0.0169058219
0.98032,-0.0173616949
0.98048,-0.0173190441
0.98064,-0.0185601916
0.9808,-0.0174734518
0.98096,-0.0182705
0.98112,-0.0177396275
0.98128,-0.0162676051
0.98144,-0.0154896844
0.9816,-0.015998492
0.98176,-0.0188587084
0.98192,-0.0189469457
0.98208,-0.0166337714
0.98224,-0.016394075
0.9824,-0.0186043084
0.98256,-0.0172528755
0.98272,-0.0163749531
0.98288,-0.0164028928
0.98304,-0.0163705423
0.9832,-0.0153323337
0.98336,-0.0152485128
0.98352,-0.0180984437
0.98368,-0.0176308043
0.98384,-0.0156190936
0.984,-0.0156764407
0.98416,-0.0157485008
0.98432,-0.0149926394
0.98448,-0.0163249541
0.98464,-0.0172866937
0.9848,-0.0162911359
0.98496,-0.0163176004
0.98512,-0.0158999674
0.98528,-0.0141956015
0.98544,-0.0153749818
0.9856,-0.0172352325
0.98576,-0.0187087134
0.98592,-0.0167043544
0.98608,-0.0176146235
0.98624,-0.0180749111
0.9864,-0.0183999017
0.98656,-0.0158720259
0.98672,-0.0167999417
0.98688,-0.0172558147
0.98704,-0.0185322519
0.9872,-0.017780805
0.98736,-0.0184499007
0.98752,-0.0181690268
0.98768,-0.0188675337
0.98784,-0.0187013615
0.988,-0.0192131139
0.98816,-0.0196954608
0.98832,-0.0173234586
0.98848,-0.015647037
0.98864,-0.0171293486
0.9888,-0.0164117198
0.98896,-0.0179278515
0.98912,-0.0178322662
0.98928,-0.0165117178
0.98944,-0.0178102124
0.9896,-0.018014621
0.98976,-0.0171308201
0.98992,-0.0172764007
0.99008,-0.0180675574
0.99024,-0.0171705224
0.9904,-0.0174366906
0.99056,-0.0181072652
0.99072,-0.0185807813
0.99088,-0.0175955109
0.99104,-0.0175602231
0.9912,-0.0194689929
0.99136,-0.018379312
0.99152,-0.0196307451
0.99168,-0.0191690028
0.99184,-0.0173028708
0.992,-0.0191381145
0.99216,-0.0192395858
0.99232,-0.0184557773
0.99248,-0.0206086654
0.99264,-0.0193175226
0.9928,-0.0178425685
0.99296,-0.0194248762
0.99312,-0.0176778622
0.99328,-0.0177646223
0.99344,-0.0184778403
0.9936,-0.0187190156
0.99376,-0.0184660759
0.99392,-0.0181263778
0.99408,-0.0165543575
0.99424,-0.0178675633
0.9944,-0.0176013894
0.99456,-0.0191307627
0.99472,-0.0181543175
0.99488,-0.0165881868
0.99504,-0.0157073215
0.9952,-0.0164808296
0.99536,-0.0178969707
0.99552,-0.0172661021
0.99568,-0.0181999058
0.99584,-0.0175896306
0.996,-0.0161676053
0.99616,-0.0166087709
0.99632,-0.0169675816
0.99648,-0.0161352511
0.99664,-0.0167558286
0.9968,-0.0162543692
0.99696,-0.0153220398
0.99712,-0.0174455158
0.99728,-0.0178381503
0.99744,-0.0163396597
0.9976,-0.0174013954
0.99776,-0.0156396814
0.99792,-0.0170087591
0.99808,-0.0179469716
0.99824,-0.0184557792
0.9984,-0.0183807816
0.99856,-0.0168911181
0.99872,-0.0172396395
0.99888,-0.01766463
0.99904,-0.0173337515
0.9992,-0.0171455219
0.99936,-0.0158146769
0.99952,-0.0161102582
0.99968,-0.0163028911
0.99984,-0.0163543615
1,-0.0160382055
1.00016,-0.0161367264
1.00032,-0.0162631944
1.00048,-0.0165323075
1.00064,-0.0155896805
1.0008,-0.0167734772
1.00096,-0.015745556
1.00112,-0.0161381979
1.00128,-0.0159617309
1.00144,-0.015851438
1.0016,-0.016207315
1.00176,-0.0158043839
1.00192,-0.0163323116
1.00208,-0.0169514101
1.00224,-0.017238168
1.0024,-0.0168587659
1.00256,-0.017417578
1.00272,-0.0160529036
1.00288,-0.0171969924
1.00304,-0.0181366727
1.0032,-0.0193984117
1.00336,-0.0195101667
1.00352,-0.0189704746
1.00368,-0.0172455236
1.00384,-0.0176572762
1.004,-0.0186248962
1.00416,-0.0190572385
1.00432,-0.0172572862
1.00448,-0.0161837898
1.00464,-0.0186719503
1.0048,-0.0173646361
1.00496,-0.0174543411
1.00512,-0.0175484531
1.00528,-0.0170278773
1.00544,-0.0177925657
1.0056,-0.0194028225
1.00576,-0.0179131497
1.00592,-0.0168911219
1.00608,-0.0172734614
1.00624,-0.0172616951
1.0064,-0.0174366925
1.00656,-0.015580859
1.00672,-0.0167381801
1.00688,-0.0193748865
1.00704,-0.0178175624
1.0072,-0.0166573022
1.00736,-0.0172925796
1.00752,-0.0169690587
1.00768,-0.0170293506
1.00784,-0.017510213
1.008,-0.0177293308
1.00816,-0.0188807733
1.00832,-0.0200160388
1.00848,-0.0193557553
1.00864,-0.0187219549
1.0088,-0.0187248997
1.00896,-0.0190719441
1.00912,-0.0190145895
1.00928,-0.0200072136
1.00944,-0.0185675453
1.0096,-0.0190675315
1.00976,-0.0198660418
1.00992,-0.0202013217
1.01008,-0.0194439888
1.01024,-0.0166587718
1.0104,-0.0183616634
1.01056,-0.0188660715
1.01072,-0.0180999115
1.01088,-0.017669037
1.01104,-0.0170705244
1.0112,-0.016080847
1.01136,-0.0174058117
1.01152,-0.0177719779
1.01168,-0.0174337458
1.01184,-0.017108757
1.012,-0.0158190839
1.01216,-0.016642591
1.01232,-0.0176602118
1.01248,-0.0167896524
1.01264,-0.0166264158
1.0128,-0.0173984598
1.01296,-0.0160529036
1.01312,-0.0164352451
1.01328,-0.0172499306
1.01344,-0.0180204976
1.0136,-0.0159043763
1.01376,-0.0156661477
1.01392,-0.0175852124
1.01408,-0.0173425768
1.01424,-0.0168367065
1.0144,-0.0157896765
1.01456,-0.0166028906
1.01472,-0.0177249219
1.01488,-0.0176675636
1.01504,-0.0177205
1.0152,-0.0169999395
1.01536,-0.0170837622
1.01552,-0.0157602616
1.01568,-0.0163823068
1.01584,-0.0176116843
1.016,-0.0183160771
1.01616,-0.0157690868
1.01632,-0.0187601857
1.01648,-0.0168117117
1.01664,-0.0166543555
1.0168,-0.0161940735
1.01696,-0.0164778922
1.01712,-0.0154205682
1.01728,-0.014754409
1.01744,-0.0161205567
1.0176,-0.015824968
1.01776,-0.0151058715
1.01792,-0.0152132176
1.01808,-0.0154132154
1.01824,-0.016461717
1.0184,-0.0169543549
1.01856,-0.0175646283
1.01872,-0.0162161365
1.01888,-0.0152617441
1.01904,-0.0159808472
1.0192,-0.01440736
1.01936,-0.0148970531
1.01952,-0.0177984461
1.01968,-0.0184896048
1.01984,-0.0185351893
1.02,-0.0167381801
1.02016,-0.0184440184
1.02032,-0.0179749168
1.02048,-0.0177278593
1.02064,-0.0174822826
1.0208,-0.0174661074
1.02096,-0.0180131495
1.02112,-0.0168617032
1.02128,-0.0183984283
1.02144,-0.0181704946
1.0216,-0.0174528677
1.02176,-0.0181293227
1.02192,-0.0189013593
1.02208,-0.0175646301
1.02224,-0.0163293686
1.0224,-0.0175043382
1.02256,-0.0178807974
1.02272,-0.0175911002
1.02288,-0.0161911342
1.02304,-0.0170528833
1.0232,-0.0164411273
1.02336,-0.0185028445
1.02352,-0.0192013476
1.02368,-0.0166543592
1.02384,-0.015914673
1.024,-0.0175293423
1.02416,-0.0171969924
1.02432,-0.0178660918
1.02448,-0.0181763805
1.02464,-0.017874917
1.0248,-0.0177955069
1.02496,-0.0193954669
1.02512,-0.0194954593
1.02528,-0.0173690487
1.02544,-0.0191278215
1.0256,-0.0213895272
1.02576,-0.0192675292
1.02592,-0.0202748515
1.02608,-0.0196733959
1.02624,-0.0189028308
1.0264,-0.0200072061
1.02656,-0.0181160849
1.02672,-0.0183969606
1.02688,-0.0177690312
1.02704,-0.0192601755
1.0272,-0.0189587157
1.02736,-0.0187704824
1.02752,-0.0188366547
1.02768,-0.0173087548
1.02784,-0.0158881973
1.028,-0.0176160969
1.02816,-0.017338166
1.02832,-0.0168411154
1.02848,-0.0157852657
1.02864,-0.0152970413
1.0288,-0.0177469756
1.02896,-0.0171043482
1.02912,-0.0179557987
1.02928,-0.0173249282
1.02944,-0.0162470136
1.0296,-0.0157073233
1.02976,-0.0175337475
1.02992,-0.0168278832
1.03008,-0.0165793616
1.03024,-0.0162661299
1.0304,-0.0174234565
1.03056,-0.0168264117
1.03072,-0.0175910983
1.03088,-0.0163293686
1.03104,-0.0179366805
1.0312,-0.0165470093
1.03136,-0.0153690921
1.03152,-0.0170322917
1.03168,-0.0175793357
1.03184,-0.0161220189
1.032,-0.0156867374
1.03216,-0.0169396438
1.03232,-0.017348459
1.03248,-0.0173469856
1.03264,-0.0173896346
1.0328,-0.015420571
1.03296,-0.0175087471
1.03312,-0.0162823107
1.03328,-0.0150735183
1.03344,-0.0175455119
1.0336,-0.015774969
1.03376,-0.0156073328
1.03392,-0.0153382169
1.03408,-0.0165631827
1.03424,-0.0156529173
1.0344,-0.0152690997
1.03456,-0.0157602616
1.03472,-0.0162808429
1.03488,-0.0147470552
1.03504,-0.0154470392
1.0352,-0.0157514419
1.03536,-0.0157661494
1.03552,-0.0178366769
1.03568,-0.0176984463
1.03584,-0.0175263919
1.036,-0.0168014131
1.03616,-0.0178690366
1.03632,-0.0167940669
1.03648,-0.0177499168
1.03664,-0.0158529133
1.0368,-0.0170102306
1.03696,-0.0172719937
1.03712,-0.0168102365
1.03728,-0.0180455018
1.03744,-0.0172543414
1.0376,-0.0165646523
1.03776,-0.0175808091
1.03792,-0.0173293445
1.03808,-0.0190866441
1.03824,-0.0186719503
1.0384,-0.0184116624
1.03856,-0.0163837783
1.03872,-0.0194660481
1.03888,-0.016877884
1.03904,-0.0163823087
1.0392,-0.0156235043
1.03936,-0.0157205611
1.03952,-0.018392548
1.03968,-0.0180175602
1.03984,-0.0178440381
1.04,-0.0171308182
1.04016,-0.0182499085
1.04032,-0.0173455216
1.04048,-0.0175940376
1.04064,-0.0178219769
1.0408,-0.0168220047
1.04096,-0.0185190197
1.04112,-0.0195631124
1.04128,-0.0177513883
1.04144,-0.0182660837
1.0416,-0.0197557546
1.04176,-0.0173690468
1.04192,-0.0183425471
1.04208,-0.0185087193
1.04224,-0.0182263795
1.0424,-0.017448457
1.04256,-0.0188219529
1.04272,-0.019658694
1.04288,-0.0187822469
1.04304,-0.0194837023
1.0432,-0.0184940156
1.04336,-0.0173661076
1.04352,-0.0184425469
1.04368,-0.018745482
1.04384,-0.0176440403
1.044,-0.0175719857
1.04416,-0.0180028584
1.04432,-0.0188940074
1.04448,-0.0165425967
1.04464,-0.0181896128
1.0448,-0.0173396338
1.04496,-0.0171411112
1.04512,-0.0167014115
1.04528,-0.016364662
1.04544,-0.0175705124
1.0456,-0.0157499686
1.04576,-0.017224934
1.04592,-0.0163734835
1.04608,-0.0162131917
1.04624,-0.0181896128
1.0464,-0.0168102384
1.04656,-0.0173999239
1.04672,-0.0163102448
1.04688,-0.0163617171
1.04704,-0.016127903
1.0472,-0.0175219774
1.04736,-0.0173366945
1.04752,-0.0162926018
1.04768,-0.0161543712
1.04784,-0.0182881448
1.048,-0.0180057921
1.04816,-0.015138221
1.04832,-0.0159587897
1.04848,-0.0166984759
1.04864,-0.0178734418
1.0488,-0.0167764146
1.04896,-0.016751416
1.04912,-0.0175543372
1.04928,-0.0169867072
1.04944,-0.0166381858
1.0496,-0.015861731
1.04976,-0.0167411249
1.04992,-0.0175087471
1.05008,-0.014985282
1.05024,-0.0155602684
1.0504,-0.0149220498
1.05056,-0.0159676131
1.05072,-0.0151499864
1.05088,-0.015148513
1.05104,-0.0144676492
1.0512,-0.0153882168
1.05136,-0.0153396893
1.05152,-0.0162764266
1.05168,-0.0167043582
1.05184,-0.0137661966
1.052,-0.0166337732
1.05216,-0.0159602612
1.05232,-0.0168425888
1.05248,-0.0155279227
1.05264,-0.0173014011
1.0528,-0.0158867314
1.05296,-0.0166675951
1.05312,-0.0192454681
1.05328,-0.0173572823
1.05344,-0.015991142
1.0536,-0.0191425309
1.05376,-0.0176058058
1.05392,-0.0169646479
1.05408,-0.0178396255
1.05424,-0.0176969822
1.0544,-0.0182646103
1.05456,-0.0177572668
1.05472,-0.0165102463
1.05488,-0.0175411031
1.05504,-0.0178675596
1.0552,-0.0177102145
1.05536,-0.0187395997
1.05552,-0.0177558009
1.05568,-0.0171734672
1.05584,-0.0165867154
1.056,-0.0172661077
1.05616,-0.0179484449
1.05632,-0.0155823259
1.05648,-0.0162558369
1.05664,-0.0178675652
1.0568,-0.0162367243
1.05696,-0.0168028846
1.05712,-0.0166793596
1.05728,-0.0163661335
1.05744,-0.0162602477
1.0576,-0.0171396434
1.05776,-0.018252844
1.05792,-0.0177705046
1.05808,-0.0196131021
1.05824,-0.0191675294
1.0584,-0.0172528811
1.05856,-0.0185690168
1.05872,-0.018767545
1.05888,-0.0176587403
1.05904,-0.0187734235
1.0592,-0.0186587181
1.05936,-0.0198322162
1.05952,-0.0178293288
1.05968,-0.0202013254
1.05984,-0.0181793217
1.06,-0.0197410416
1.06016,-0.0180587322
1.06032,-0.0165867135
1.06048,-0.0175631586
1.06064,-0.017398458
1.0608,-0.0178896189
1.06096,-0.019602811
1.06112,-0.0191484075
1.06128,-0.0186204892
1.06144,-0.0177631527
1.0616,-0.0155132115
1.06176,-0.0161293726
1.06192,-0.0149764614
1.06208,-0.0151499864
1.06224,-0.0162117239
1.0624,-0.0167881791
1.06256,-0.0168117061
1.06272,-0.0170308221
1.06288,-0.0165911242
1.06304,-0.0166675933
1.0632,-0.0168572962
1.06336,-0.0169984661
1.06352,-0.0147794103
1.06368,-0.0147235282
1.06384,-0.0160661396
1.064,-0.0161837861
1.06416,-0.0177602135
1.06432,-0.0173911024
1.06448,-0.017619038
1.06464,-0.0172308106
1.0648,-0.0169587601
1.06496,-0.0163161326
1.06512,-0.0159749631
1.06528,-0.0176940411
1.06544,-0.016591128
1.0656,-0.0186557751
1.06576,-0.0171175841
1.06592,-0.0167778842
1.06608,-0.0182175506
1.06624,-0.015948493
1.0664,-0.0151970452
1.06656,-0.0157529097
1.06672,-0.0156867374
1.06688,-0.0163661316
1.06704,-0.0148470504
1.0672,-0.0146367643
1.06736,-0.0161352549
1.06752,-0.0169146452
1.06768,-0.0153867407
1.06784,-0.0148352897
1.068,-0.0156396795
1.06816,-0.0162043739
1.06832,-0.0157367364
1.06848,-0.0157396775
1.06864,-0.0149499923
1.0688,-0.0168955326
1.06896,-0.0160440821
1.06912,-0.0162881948
1.06928,-0.0166014191
1.06944,-0.0172705185
1.0696,-0.0165617149
1.06976,-0.0170587618
1.06992,-0.0171028785
1.07008,-0.0167381819
1.07024,-0.0171455257
1.0704,-0.0174572803
1.07056,-0.0170690585
1.07072,-0.0175925698
1.07088,-0.0169396456
1.07104,-0.0187616535
1.0712,-0.0176513959
1.07136,-0.0188940074
1.07152,-0.0170896426
1.07168,-0.0164117161
1.07184,-0.0173705164
1.072,-0.0178999193
1.07216,-0.0173764024
1.07232,-0.0168278851
1.07248,-0.0159529094
1.07264,-0.0164587796
1.0728,-0.0166720059
1.07296,-0.017871974
1.07312,-0.0190660674
1.07328,-0.0172911119
1.07344,-0.0156926215
1.0736,-0.0166661199
1.07376,-0.0172822848
1.07392,-0.0157587938
1.07408,-0.0152396904
1.07424,-0.0171631705
1.0744,-0.0180543251
1.07456,-0.0177675653
1.07472,-0.0176587403
1.07488,-0.0186969545
1.07504,-0.0196645726
1.0752,-0.0166970044
1.07536,-0.0167073011
1.07552,-0.0189498849
1.07568,-0.0202454403
1.07584,-0.0185160786
1.076,-0.0180513766
1.07616,-0.0185234286
1.07632,-0.0197631028
1.07648,-0.0189763568
1.07664,-0.01810579
1.0768,-0.0173837505
1.07696,-0.017624924
1.07712,-0.0177028608
1.07728,-0.0178175587
1.07744,-0.0184057839
1.0776,-0.0157426149
1.07776,-0.0170175824
1.07792,-0.0172719918
1.07808,-0.0178322643
1.07824,-0.0167293549
1.0784,-0.0155308582
1.07856,-0.0164499562
1.07872,-0.0172852259
1.07888,-0.0161896646
1.07904,-0.0163426064
1.0792,-0.0174631625
1.07936,-0.014688232
1.07952,-0.0162234865
1.07968,-0.0155367386
1.07984,-0.0162529014
1.08,-0.0154073322
1.08016,-0.0164470077
1.08032,-0.0178204998
1.08048,-0.0177308023
1.08064,-0.0147867575
1.0808,-0.0167411212
1.08096,-0.0174058117
1.08112,-0.0164014269
1.08128,-0.015270574
1.08144,-0.0162749551
1.0816,-0.0164249577
1.08176,-0.0173146352
1.08192,-0.0154602714
1.08208,-0.0171205197
1.08224,-0.0180337355
1.0824,-0.0190057661
1.08256,-0.0175455138
1.08272,-0.0156882089
1.08288,-0.0161661338
1.08304,-0.0162602495
1.0832,-0.0157690831
1.08336,-0.015172042
1.08352,-0.0158587899
1.08368,-0.0152867502
1.08384,-0.0148896966
1.084,-0.0148794027
1.08416,-0.0165470056
1.08432,-0.015964672
1.08448,-0.0161587838
1.08464,-0.0159102604
1.0848,-0.014797057
1.08496,-0.0157235023
1.08512,-0.0158705562
1.08528,-0.0169161186
1.08544,-0.01611761
1.0856,-0.01571762
1.08576,-0.0166955311
1.08592,-0.0170205254
1.08608,-0.0165587738
1.08624,-0.0164028965
1.0864,-0.0162367187
1.08656,-0.0176469814
1.08672,-0.0176337473
1.08688,-0.0194792878
1.08704,-0.0167337693
1.0872,-0.0177058093
1.08736,-0.0166205335
1.08752,-0.0149146952
1.08768,-0.0173969846
1.08784,-0.019038124
1.088,-0.017785212
1.08816,-0.016492594
1.08832,-0.0169911161
1.08848,-0.0179910883
1.08864,-0.0180278532
1.0888,-0.0179469697
1.08896,-0.0169014148
1.08912,-0.0164837781
1.08928,-0.016538186
1.08944,-0.0170984715
1.0896,-0.0176984537
1.08976,-0.0168734696
1.08992,-0.0183631424
1.09008,-0.0167749468
1.09024,-0.0154499765
1.0904,-0.0155308601
1.09056,-0.0173337553
1.09072,-0.0170028787
1.09088,-0.0171572864
1.09104,-0.0167337675
1.0912,-0.0192439966
1.09136,-0.0177558009
1.09152,-0.0179631487
1.09168,-0.0181278512
1.09184,-0.0179793239
1.092,-0.0188734159
1.09216,-0.0171852298
1.09232,-0.0186734255
1.09248,-0.0196086951
1.09264,-0.0182337314
1.0928,-0.0178896189
1.09296,-0.0189748872
1.09312,-0.018976355
1.09328,-0.0178881492
1.09344,-0.0162190739
1.0936,-0.0169587601
1.09376,-0.01791903
1.09392,-0.0198028069
1.09408,-0.0171837565
1.09424,-0.0175984483
1.0944,-0.017848447
1.09456,-0.0186410695
1.09472,-0.0178778544
1.09488,-0.0169499386
1.09504,-0.01649113
1.0952,-0.0167367049
1.09536,-0.0159455538
1.09552,-0.0164749529
1.09568,-0.0163528956
1.09584,-0.0149455788
1.096,-0.0155338002
1.09616,-0.0161867216
1.09632,-0.0178219769
1.09648,-0.0157837905
1.09664,-0.0167675912
1.0968,-0.0172764026
1.09696,-0.0177013893
1.09712,-0.0179543272
1.09728,-0.0159837883
1.09744,-0.0156734977
1.0976,-0.0149382278
1.09776,-0.0164043643
1.09792,-0.0161117241
1.09808,-0.0169205274
1.09824,-0.0156837963
1.0984,-0.0162676051
1.09856,-0.0177499186
1.09872,-0.0164028965
1.09888,-0.0173999295
1.09904,-0.0168411173
1.0992,-0.0167043619
1.09936,-0.0169425849
1.09952,-0.0137191433
1.09968,-0.0159514397
1.09984,-0.0150970444
1.1,-0.0154352728
1.10016,-0.0156117361
1.10032,-0.0154735055
1.10048,-0.0150426337
1.10064,-0.0158676133
1.1008,-0.015994085
1.10096,-0.0151867522
1.10112,-0.0138441361
1.10128,-0.0145323537
1.10144,-0.0152088078
1.1016,-0.0149029344
1.10176,-0.016361719
1.10192,-0.0165867191
1.10208,-0.0166190639
1.10224,-0.0164573044
1.1024,-0.0169072933
1.10256,-0.0166381821
1.10272,-0.0168205313
1.10288,-0.0168220028
1.10304,-0.0161146689
1.1032,-0.0178763848
1.10336,-0.0166411214
1.10352,-0.0169293527
1.10368,-0.0171131752
1.10384,-0.0167999398
1.104,-0.0168867018
1.10416,-0.0170102306
1.10432,-0.0175146293
1.10448,-0.0169822946
1.10464,-0.0186601896
1.1048,-0.0191160571
1.10496,-0.0183601975
1.10512,-0.016560249
1.10528,-0.0167999454
1.10544,-0.0187601857
1.1056,-0.0175396334
1.10576,-0.0152514577
1.10592,-0.0156529155
1.10608,-0.0169087648
1.10624,-0.0168705266
1.1064,-0.0168190617
1.10656,-0.0183278453
1.10672,-0.0186410733
1.10688,-0.0164867193
1.10704,-0.0161881968
1.1072,-0.0177131575
1.10736,-0.0170219988
1.10752,-0.0164675992
1.10768,-0.0167337731
1.10784,-0.0153867472
1.108,-0.0187278334
1.10816,-0.0191248842
1.10832,-0.0177675691
1.10848,-0.0172043499
1.10864,-0.0176440403
1.1088,-0.0179293212
1.10896,-0.0191072356
1.10912,-0.019495463
1.10928,-0.017982265
1.10944,-0.0179807954
1.1096,-0.0176278669
1.10976,-0.0178455077
1.10992,-0.0189410616
1.11008,-0.0179308001
1.11024,-0.0182763748
1.1104,-0.0182734355
1.11056,-0.0185072515
1.11072,-0.0185998958
1.11088,-0.0167499464
1.11104,-0.0165631846
1.1112,-0.016805822
1.11136,-0.0158690866
1.11152,-0.0168205313
1.11168,-0.0170558169
1.11184,-0.0177249182
1.112,-0.0166205354
1.11216,-0.0161764324
1.11232,-0.0152323367
1.11248,-0.0148470541
1.11264,-0.0176646225
1.1128,-0.0159970205
1.11296,-0.0145426504
1.11312,-0.0182969663
1.11328,-0.0168719999
1.11344,-0.0162220169
1.1136,-0.0171161108
1.11376,-0.0154485069
1.11392,-0.0163131896
1.11408,-0.0170940496
1.11424,-0.0167484712
1.1144,-0.0160396658
1.11456,-0.0161161348
1.11472,-0.0182204954
1.11488,-0.0154308565
1.11504,-0.016836701
1.1152,-0.0167543553
1.11536,-0.0158367325
1.11552,-0.0165028907
1.11568,-0.016838178
1.11584,-0.0176499207
1.116,-0.0169572905
1.11616,-0.0169234704
1.11632,-0.0152338054
1.11648,-0.0151058678
1.11664,-0.0146705862
1.1168,-0.016048491
1.11696,-0.0154646812
1.11712,-0.0153749846
1.11728,-0.0148558766
1.11744,-0.014867642
1.1176,-0.016445538
1.11776,-0.0145088248
1.11792,-0.0146617638
1.11808,-0.0154293887
1.11824,-0.0148426425
1.1184,-0.0160793718
1.11856,-0.0163602494
1.11872,-0.0147808772
1.11888,-0.0152396923
1.11904,-0.0144632384
1.1192,-0.0159382019
1.11936,-0.017017588
1.11952,-0.0158029143
1.11968,-0.0160102621
1.11984,-0.017798448
1.12,-0.0180263836
1.12016,-0.0171146393
1.12032,-0.0184572544
1.12048,-0.0178940315
1.12064,-0.0172396395
1.1208,-0.0162911359
1.12096,-0.0163484849
1.12112,-0.0169646479
1.12128,-0.0163984857
1.12144,-0.0162117239
1.1216,-0.0162234921
1.12176,-0.0177484527
1.12192,-0.0167764109
1.12208,-0.0174131598
1.12224,-0.015957322
1.1224,-0.0161852557
1.12256,-0.0177719817
1.12272,-0.0180263799
1.12288,-0.018024914
1.12304,-0.0174690448
1.1232,-0.0175558049
1.12336,-0.0179807916
1.12352,-0.0166337714
1.12368,-0.0155587979
1.12384,-0.0161455516
1.124,-0.0176513866
1.12416,-0.0185734257
1.12432,-0.0167131815
1.12448,-0.0162528995
1.12464,-0.0177028608
1.1248,-0.0188263636
1.12496,-0.0185601953
1.12512,-0.0202748533
1.12528,-0.0180278551
1.12544,-0.0180396158
1.1256,-0.0204572063
1.12576,-0.0181425568
1.12592,-0.0174190477
1.12608,-0.0169955269
1.12624,-0.0190351754
1.1264,-0.0181499105
1.12656,-0.0185631327
1.12672,-0.0185601898
1.12688,-0.0188013613
1.12704,-0.0186175462
1.1272,-0.0161646623
1.12736,-0.0181896109
1.12752,-0.0187043007
1.12768,-0.0178307984
1.12784,-0.0177543312
1.128,-0.0169425867
1.12816,-0.0159470234
1.12832,-0.0147823486
1.12848,-0.0150352819
1.12864,-0.0157720279
1.1288,-0.0167043563
1.12896,-0.0171764046
1.12912,-0.0171440504
1.12928,-0.0154455649
1.12944,-0.0161455479
1.1296,-0.0166499466
1.12976,-0.0156529117
1.12992,-0.0156602655
1.13008,-0.0147455847
1.13024,-0.0178234465
1.1304,-0.0167470034
1.13056,-0.017569039
1.13072,-0.0180719718
1.13088,-0.0170602296
1.13104,-0.0162984859
1.1312,-0.0161631983
1.13136,-0.0156220319
1.13152,-0.0150161684
1.13168,-0.0154102696
1.13184,-0.0175352097
1.132,-0.0167028904
1.13216,-0.0174131617
1.13232,-0.0183278453
1.13248,-0.0155587988
1.13264,-0.0183366667
1.1328,-0.0168396458
1.13296,-0.0150235137
1.13312,-0.0160220191
1.13328,-0.0146147059
1.13344,-0.0157382097
1.1336,-0.0152749801
1.13376,-0.0154911578
1.13392,-0.014654411
1.13408,-0.0148735205
1.13424,-0.014330891
1.1344,-0.0144205941
1.13456,-0.0155514423
1.13472,-0.0152014559
1.13488,-0.0155485049
1.13504,-0.016791122
1.1352,-0.0152749829
1.13536,-0.0155396815
1.13552,-0.0156220328
1.13568,-0.0155823268
1.13584,-0.0154485069
1.136,-0.0168499388
1.13616,-0.0169984698
1.13632,-0.0167205352
1.13648,-0.0168867111
1.13664,-0.0177940279
1.1368,-0.0165073015
1.13696,-0.0158632006
1.13712,-0.0180249102
1.13728,-0.0178660899
1.13744,-0.0162573121
1.1376,-0.016274957
1.13776,-0.0164720099
1.13792,-0.0180028584
1.13808,-0.0173866935
1.13824,-0.0171205252
1.1384,-0.0167602394
1.13856,-0.0172308199
1.13872,-0.0166072994
1.13888,-0.0160999596
1.13904,-0.0176234469
1.1392,-0.0164117217
1.13936,-0.0178808011
1.13952,-0.017417578
1.13968,-0.0176675711
1.13984,-0.0165587775
1.14,-0.0168278813
1.14016,-0.0179940313
1.14032,-0.0170690529
1.14048,-0.0165867116
1.14064,-0.016172016
1.1408,-0.0146441162
1.14096,-0.0165484771
1.14112,-0.0165705364
1.14128,-0.0186675452
1.14144,-0.019088123
1.1416,-0.0192837007
1.14176,-0.0186087172
1.14192,-0.0171367005
1.14208,-0.0181984436
1.14224,-0.0196425188
1.1424,-0.0180852059
1.14256,-0.0188954752
1.14272,-0.0190145914
1.14288,-0.0187778324
1.14304,-0.0181660857
1.1432,-0.0174528677
1.14336,-0.0176278595
1.14352,-0.0167778861
1.14368,-0.0177602135
1.14384,-0.0193969328
1.144,-0.0162367225
1.14416,-0.0175160989
1.14432,-0.0192542896
1.14448,-0.0179705042
1.14464,-0.0184072554
1.1448,-0.017939616
1.14496,-0.016198488
1.14512,-0.0146308793
1.14528,-0.0151911611
1.14544,-0.0174528677
1.1456,-0.0170675833
1.14576,-0.0161749553
1.14592,-0.0164367184
1.14608,-0.016836701
1.14624,-0.0158455521
1.1464,-0.0150088128
1.14656,-0.0155264465
1.14672,-0.0168587659
1.14688,-0.0165220052
1.14704,-0.0149352839
1.1472,-0.0172425825
1.14736,-0.0170161147
1.14752,-0.0170572866
1.14768,-0.0176513903
1.14784,-0.0162631907
1.148,-0.0163808353
1.14816,-0.015251454
1.14832,-0.0155073293
1.14848,-0.0169719923
1.14864,-0.0163028985
1.1488,-0.0177925657
1.14896,-0.0174763929
1.14912,-0.0153808659
1.14928,-0.0159529075
1.14944,-0.0159808453
1.1496,-0.0145897046
1.14976,-0.0163293667
1.14992,-0.0156087931
1.15008,-0.0162367243
1.15024,-0.0155837955
1.1504,-0.0146382358
1.15056,-0.0150117567
1.15072,-0.01492499
1.15088,-0.0147999991
1.15104,-0.0143338302
1.1512,-0.0150735145
1.15136,-0.0154073294
1.15152,-0.0161676034
1.15168,-0.0158132091
1.15184,-0.0147779407
1.152,-0.0166778844
1.15216,-0.0160396695
1.15232,-0.0149514638
1.15248,-0.0173999295
1.15264,-0.015101457
1.1528,-0.0164352488
1.15296,-0.0154896816
1.15312,-0.0163352545
1.15328,-0.0165940635
1.15344,-0.0173146371
1.1536,-0.0182440244
1.15376,-0.0180955026
1.15392,-0.0162234921
1.15408,-0.0178440325
1.15424,-0.0177352149
1.1544,-0.0167705342
1.15456,-0.0163867213
1.15472,-0.0179866813
1.15488,-0.0176072773
1.15504,-0.0167440642
1.1552,-0.0188013688
1.15536,-0.0173116922
1.15552,-0.016888177
1.15568,-0.0162146669
1.15584,-0.0175219811
1.156,-0.0164352451
1.15616,-0.0170793496
1.15632,-0.0162043702
1.15648,-0.018108733
1.15664,-0.0184866693
1.1568,-0.0173352249
1.15696,-0.0165705346
1.15712,-0.0154720386
1.15728,-0.0144529454
1.15744,-0.0162734892
1.1576,-0.0177925639
1.15776,-0.0184866618
1.15792,-0.0171558205
1.15808,-0.0175852198
1.15824,-0.0184969511
1.1584,-0.0170940552
1.15856,-0.0178337377
1.15872,-0.0177352112
1.15888,-0.0178263877
1.15904,-0.0180484448
1.1592,-0.017546989
1.15936,-0.0178087428
1.15952,-0.0172381625
1.15968,-0.0162278991
1.15984,-0.0183528438
1.16,-0.0191234089
1.16016,-0.0175984502
1.16032,-0.016761709
1.16048,-0.0171117
1.16064,-0.0180366728
1.1608,-0.0179057997
1.16096,-0.0155617418
1.16112,-0.0171675794
1.16128,-0.0170043502
1.16144,-0.0171793476
1.1616,-0.016985232
1.16176,-0.0157205611
1.16192,-0.0178293325
1.16208,-0.016188195
1.16224,-0.0165014211
1.1624,-0.0178440306
1.16256,-0.0172249321
1.16272,-0.015008809
1.16288,-0.0155440914
1.16304,-0.0158426184
1.1632,-0.016791122
1.16336,-0.0162484888
1.16352,-0.0166308265
1.16368,-0.0153749809
1.16384,-0.0158367343
1.164,-0.0168631747
1.16416,-0.0166705325
1.16432,-0.0159867276
1.16448,-0.0156735033
1.16464,-0.0151632186
1.1648,-0.0168764144
1.16496,-0.0157837924
1.16512,-0.0160543751
1.16528,-0.0172116961
1.16544,-0.0165970065
1.1656,-0.017688157
1.16576,-0.0166484751
1.16592,-0.0168043561
1.16608,-0.0162176024
1.16624,-0.0163102485
1.1664,-0.0153632164
1.16656,-0.0142573593
1.16672,-0.0145000061
1.16688,-0.0158881992
1.16704,-0.0138206109
1.1672,-0.0156882126
1.16736,-0.0164734796
1.16752,-0.0155558558
1.16768,-0.0145544093
1.16784,-0.0135162063
1.168,-0.0140500152
1.16816,-0.0161764305
1.16832,-0.0165058319
1.16848,-0.0157323256
1.16864,-0.0149749881
1.1688,-0.016724946
1.16896,-0.0150617538
1.16912,-0.0149220489
1.16928,-0.0164984781
1.16944,-0.0151588079
1.1696,-0.0157602653
1.16976,-0.0163808409
1.16992,-0.0173219889
1.17008,-0.0174587481
1.17024,-0.0170911122
1.1704,-0.0180307906
1.17056,-0.0163984839
1.17072,-0.0155529138
1.17088,-0.0175278671
1.17104,-0.0171249304
1.1712,-0.0173352193
1.17136,-0.0179837383
1.17152,-0.0187204815
1.17168,-0.016869057
1.17184,-0.0167852342
1.172,-0.0178852063
1.17216,-0.0159632005
1.17232,-0.0162690785
1.17248,-0.0171322916
1.17264,-0.0148779349
1.1728,-0.0179366805
1.17296,-0.0170131773
1.17312,-0.0161587838
1.17328,-0.0172440503
1.17344,-0.016020555
1.1736,-0.0157499705
1.17376,-0.0172308087
1.17392,-0.0188778266
1.17408,-0.0156455636
1.17424,-0.0170499366
1.1744,-0.0168690588
1.17456,-0.0169264097
1.17472,-0.0167264137
1.17488,-0.017567575
1.17504,-0.018392548
1.1752,-0.0175646264
1.17536,-0.0182984322
1.17552,-0.0193410516
1.17568,-0.0192292929
1.17584,-0.0165734775
1.176,-0.0166499484
1.17616,-0.0198895633
1.17632,-0.0181440245
1.17648,-0.0170308165
1.17664,-0.0187557694
1.1768,-0.0169837642
1.17696,-0.0162646603
1.17712,-0.0176528599
1.17728,-0.0176896248
1.17744,-0.0178528558
1.1776,-0.0158926137
1.17776,-0.0167940632
1.17792,-0.0173793398
1.17808,-0.0176660977
1.17824,-0.0160499625
1.1784,-0.0154896835
1.17856,-0.0182587299
1.17872,-0.0157543849
1.17888,-0.0154867442
1.17904,-0.016095547
1.1792,-0.0166499484
1.17936,-0.0161367245
1.17952,-0.0149823418
1.17968,-0.0159646701
1.17984,-0.0156734996
1.18,-0.0156940892
1.18016,-0.0159234963
1.18032,-0.0159837883
1.18048,-0.016294077
1.18064,-0.016145546
1.1808,-0.016085254
1.18096,-0.0154455639
1.18112,-0.0153646851
1.18128,-0.0166337695
1.18144,-0.01708523
1.1816,-0.016998468
1.18176,-0.017074937
1.18192,-0.0166587699
1.18208,-0.0152867474
1.18224,-0.0162808374
1.1824,-0.0166411307
1.18256,-0.0173058137
1.18272,-0.0155999726
1.18288,-0.01671906
1.18304,-0.016238194
1.1832,-0.0147338184
1.18336,-0.0149058774
1.18352,-0.0143279489
1.18368,-0.0144279497
1.18384,-0.0143367676
1.184,-0.0141691286
1.18416,-0.0129162204
1.18432,-0.0147823496
1.18448,-0.0153220408
1.18464,-0.015727913
1.1848,-0.0145632355
1.18496,-0.0147352889
1.18512,-0.0156073291
1.18528,-0.0154558644
1.18544,-0.0149323419
1.1856,-0.0138014881
1.18576,-0.0176999159
1.18592,-0.0177278593
1.18608,-0.0160970241
1.18624,-0.0152705722
1.1864,-0.0162058435
1.18656,-0.0166323036
1.18672,-0.0162264314
1.18688,-0.0163117219
1.18704,-0.017388165
1.1872,-0.0171881709
1.18736,-0.0181557927
1.18752,-0.0157293789
1.18768,-0.0169072971
1.18784,-0.0156190889
1.188,-0.0176719762
1.18816,-0.0166308321
1.18832,-0.0174160991
1.18848,-0.0172793455
1.18864,-0.0167749468
1.1888,-0.0161264334
1.18896,-0.017230818
1.18912,-0.0166440699
1.18928,-0.0174469817
1.18944,-0.0189293008
1.1896,-0.0177866798
1.18976,-0.0174381603
1.18992,-0.017455807
1.19008,-0.0158323236
1.19024,-0.0157102644
1.1904,-0.016177902
1.19056,-0.0151117528
1.19072,-0.0181322619
1.19088,-0.0183925498
1.19104,-0.0174719822
1.1912,-0.0165161267
1.19136,-0.0167955272
1.19152,-0.0181837305
1.19168,-0.0183484349
1.19184,-0.0179999098
1.192,-0.0185866635
1.19216,-0.0185734294
1.19232,-0.0189940035
1.19248,-0.0167234726
1.19264,-0.0183352008
1.1928,-0.017745506
1.19296,-0.018111676
1.19312,-0.017342573
1.19328,-0.0176822692
1.19344,-0.01730581
1.1936,-0.0193469375
1.19376,-0.0175087471
1.19392,-0.0184807815
1.19408,-0.0160749629
1.19424,-0.0158205591
1.1944,-0.0176558029
1.19456,-0.0174572747
1.19472,-0.0157793816
1.19488,-0.0169234686
1.19504,-0.0173528735
1.1952,-0.0137059074
1.19536,-0.0152896885
1.19552,-0.0159632005
1.19568,-0.0172543451
1.19584,-0.0159264375
1.196,-0.0163778942
1.19616,-0.0161102526
1.19632,-0.0175352171
1.19648,-0.0169719961
1.19664,-0.0147999944
1.1968,-0.0173396319
1.19696,-0.0159499627
1.19712,-0.0164720137
1.19728,-0.0173381642
1.19744,-0.0167293567
1.1976,-0.0161749609
1.19776,-0.0148632284
1.19792,-0.0160249639
1.19808,-0.0156455599
1.19824,-0.0163926017
1.1984,-0.0177116748
1.19856,-0.0150058735
1.19872,-0.0159323215
1.19888,-0.0159190856
1.19904,-0.0167984702
1.1992,-0.0165146627
1.19936,-0.0161867253
1.19952,-0.0155440932
1.19968,-0.0167278871
1.19984,-0.0144632393
1.2,-0.0134294424
1.20016,-0.0146147059
1.20032,-0.0143132452
1.20048,-0.0137235541
1.20064,-0.0153602771
1.2008,-0.015389692
1.20096,-0.0161029063
1.20112,-0.0157470256
1.20128,-0.0150632244
1.20144,-0.015495562
1.2016,-0.0134353256
1.20176,-0.0138264913
1.20192,-0.0157117397
1.20208,-0.0137117859
1.20224,-0.0141838379
1.2024,-0.0166970044
1.20256,-0.0177719761
1.20272,-0.0156852677
1.20288,-0.0166617129
1.20304,-0.0163323097
1.2032,-0.0162676033
1.20336,-0.0172822829
1.20352,-0.0177102163
1.20368,-0.0170705263
1.20384,-0.0173308048
1.204,-0.0178705007
1.20416,-0.0176763926
1.20432,-0.0162440725
1.20448,-0.01709258
1.20464,-0.0158426147
1.2048,-0.0181043223
1.20496,-0.0141808931
1.20512,-0.0154617438
1.20528,-0.0174558088
1.20544,-0.0188513622
1.2056,-0.0168822948
1.20576,-0.0161587857
1.20592,-0.0169352368
1.20608,-0.0169043522
1.20624,-0.0173528753
1.2064,-0.0161749627
1.20656,-0.0163881928
1.20672,-0.0165631827
1.20688,-0.0166734718
1.20704,-0.0167278852
1.2072,-0.0167411212
1.20736,-0.0152279288
1.20752,-0.0162896644
1.20768,-0.0175955109
1.20784,-0.0180072654
1.208,-0.0174969807
1.20816,-0.0174102243
1.20832,-0.0177175645
1.20848,-0.0173219889
1.20864,-0.0177352168
1.2088,-0.0168749392
1.20896,-0.0187204815
1.20912,-0.0182366744
1.20928,-0.0195807498
1.20944,-0.0177366827
1.2096,-0.0181660838
1.20976,-0.017608745
1.20992,-0.0173881669
1.21008,-0.0176249202
1.21024,-0.0168984644
1.2104,-0.017311696
1.21056,-0.016758766
1.21072,-0.0180852059
1.21088,-0.0172249321
1.21104,-0.0166999493
1.2112,-0.0173425786
1.21136,-0.0184866656
1.21152,-0.0163205434
1.21168,-0.0158087909
1.21184,-0.0143352998
1.212,-0.0138059026
1.21216,-0.0157426167
1.21232,-0.016798472
1.21248,-0.0177381523
1.21264,-0.0175131615
1.2128,-0.015277924
1.21296,-0.0157117378
1.21312,-0.0159837864
1.21328,-0.0152058667
1.21344,-0.0151132224
1.2136,-0.016185252
1.21376,-0.0155882137
1.21392,-0.0178484414
1.21408,-0.0156793855
1.21424,-0.0164102446
1.2144,-0.0172234569
1.21456,-0.015466149
1.21472,-0.016366126
1.21488,-0.016382305
1.21504,-0.016722003
1.2152,-0.0158985015
1.21536,-0.0167646501
1.21552,-0.018069027
1.21568,-0.0164440721
1.21584,-0.0145897055
1.216,-0.0154058579
1.21616,-0.0166308284
1.21632,-0.0147794066
1.21648,-0.0147985257
1.21664,-0.0167587679
1.2168,-0.0153191006
1.21696,-0.0128029874
1.21712,-0.0141308941
1.21728,-0.0164176002
1.21744,-0.0154838022
1.2176,-0.0149970502
1.21776,-0.0128647499
1.21792,-0.0124485865
1.21808,-0.0150338132
1.21824,-0.0146867605
1.2184,-0.0154470401
1.21856,-0.015483805
1.21872,-0.0166367143
1.21888,-0.0137500204
1.21904,-0.0166087728
1.2192,-0.0152852796
1.21936,-0.0166837685
1.21952,-0.014777937
1.21968,-0.0155396778
1.21984,-0.0158043858
1.22,-0.0162117202
1.22016,-0.0178190339
1.22032,-0.0178837348
1.22048,-0.0150676407
1.22064,-0.017338166
1.2208,-0.0153793925
1.22096,-0.0163558368
1.22112,-0.0175072812
1.22128,-0.018642541
1.22144,-0.0166705325
1.2216,-0.0169793516
1.22176,-0.0171455238
1.22192,-0.0161102545
1.22208,-0.0171411112
1.22224,-0.0180234462
1.2224,-0.0171999335
1.22256,-0.0151205752
1.22272,-0.0154646831
1.22288,-0.017558746
1.22304,-0.0153573342
1.2232,-0.0174469855
1.22336,-0.017244054
1.22352,-0.0167028904
1.22368,-0.0165073033
1.22384,-0.0186072532
1.224,-0.0162573121
1.22416,-0.0178881492
1.22432,-0.0156793874
1.22448,-0.0166308358
1.22464,-0.016869057
1.2248,-0.0179234482
1.22496,-0.0183013808
1.22512,-0.0181307942
1.22528,-0.0180940274
1.22544,-0.0184646118
1.2256,-0.0180513803
1.22576,-0.0173514038
1.22592,-0.0188763626
1.22608,-0.0190248862
1.22624,-0.0184498988
1.2264,-0.0172131658
1.22656,-0.0183234327
1.22672,-0.0173587557
1.22688,-0.016885234
1.22704,-0.0164323077
1.2272,-0.0182381403
1.22736,-0.0175646283
1.22752,-0.0156720299
1.22768,-0.0177484453
1.22784,-0.0168690626
1.228,-0.0169381779
1.22816,-0.0174925737
1.22832,-0.0165940654
1.22848,-0.0151470425
1.22864,-0.0158926137
1.2288,-0.0157940872
1.22896,-0.0153985079
1.22912,-0.0161337852
1.22928,-0.0176175702
1.22944,-0.0157896746
1.2296,-0.0156970322
1.22976,-0.0141882477
1.22992,-0.0161117259
1.23008,-0.015742613
1.23024,-0.0165734775
1.2304,-0.0163558386
1.23056,-0.0155793885
1.23072,-0.0168014169
1.23088,-0.0166808348
1.23104,-0.0146441152
1.2312,-0.016019078
1.23136,-0.0168999396
1.23152,-0.0176690333
1.23168,-0.0166793577
1.23184,-0.0156235062
1.232,-0.0162264276
1.23216,-0.0163867138
1.23232,-0.0163396634
1.23248,-0.0153426267
1.23264,-0.0159558468
1.2328,-0.0157587938
1.23296,-0.0158146732
1.23312,-0.0153426304
1.23328,-0.0152588012
1.23344,-0.0149661694
1.2336,-0.0148720536
1.23376,-0.0132265054
1.23392,-0.0132617997
1.23408,-0.0142058926
1.23424,-0.0154985068
1.2344,-0.0164411273
1.23456,-0.0166308321
1.23472,-0.0147044091
1.23488,-0.0151617518
1.23504,-0.014480887
1.2352,-0.0170587618
1.23536,-0.0152676338
1.23552,-0.0149882268
1.23568,-0.0159602556
1.23584,-0.017521983
1.236,-0.0150882248
1.23616,-0.0159205534
1.23632,-0.0161102582
1.23648,-0.0187543035
1.23664,-0.0181925558
1.2368,-0.0171117056
1.23696,-0.0161367301
1.23712,-0.01429707
1.23728,-0.0179778561
1.23744,-0.0176102184
1.2376,-0.0180484392
1.23776,-0.0175808128
1.23792,-0.0159308426
1.23808,-0.0170455296
1.23824,-0.0157117359
1.2384,-0.0158058554
1.23856,-0.0173734557
1.23872,-0.0174205191
1.23888,-0.0165028945
1.23904,-0.0165161304
1.2392,-0.0155455666
1.23936,-0.0175749268
1.23952,-0.0146249998
1.23968,-0.0172822829
1.23984,-0.0164675992
1.24,-0.0171058197
1.24016,-0.0172469895
1.24032,-0.0178778581
1.24048,-0.0179807916
1.24064,-0.0167028904
1.2408,-0.0165175982
1.24096,-0.0164102465
1.24112,-0.0176102147
1.24128,-0.0169014093
1.24144,-0.0172822904
1.2416,-0.0178910922
1.24176,-0.0168175939
1.24192,-0.017380815
1.24208,-0.018558722
1.24224,-0.0187116619
1.2424,-0.018129319
1.24256,-0.0177322663
1.24272,-0.0164308362
1.24288,-0.0167322978
1.24304,-0.0178131573
1.2432,-0.017871974
1.24336,-0.0191910565
1.24352,-0.0176910982
1.24368,-0.0168631766
1.24384,-0.0168175902
1.244,-0.0153426277
1.24416,-0.01726464
1.24432,-0.0166631825
1.24448,-0.0176690388
1.24464,-0.0166514181
1.2448,-0.0167425927
1.24496,-0.0144117689
1.24512,-0.0152235106
1.24528,-0.0138191339
1.24544,-0.015998492
1.2456,-0.0163161326
1.24576,-0.0165734775
1.24592,-0.0165911224
1.24608,-0.0173705127
1.24624,-0.0149132274
1.2464,-0.0157235023
1.24656,-0.0162131973
1.24672,-0.0153514482
1.24688,-0.0147367604
1.24704,-0.0158205554
1.2472,-0.0167396497
1.24736,-0.01649113
1.24752,-0.0149205811
1.24768,-0.0159867313
1.24784,-0.0163925998
1.248,-0.014945576
1.24816,-0.0174513962
1.24832,-0.0159323178
1.24848,-0.0157646742
1.24864,-0.0174205191
1.2488,-0.0164940692
1.24896,-0.0170337614
1.24912,-0.0158749707
1.24928,-0.0174705163
1.24944,-0.0160676111
1.2496,-0.0144867636
1.24976,-0.0147823505
1.24992,-0.0136779649
1.25008,-0.0167484768
1.25024,-0.0161087848
1.2504,-0.0167175941
1.25056,-0.0150632206
1.25072,-0.0126691684
1.25088,-0.0129279876
1.25104,-0.0153632173
1.2512,-0.0157485027
1.25136,-0.0133485636
1.25152,-0.0135794394
1.25168,-0.0156955644
1.25184,-0.0159705542
1.252,-0.0160970241
1.25216,-0.014507357
1.25232,-0.0157073252
1.25248,-0.0169028845
1.25264,-0.015261746
1.2528,-0.0148088243
1.25296,-0.0159440842
1.25312,-0.0168867093
1.25328,-0.0174411032
1.25344,-0.0173013993
1.2536,-0.0177896209
1.25376,-0.0166131835
1.25392,-0.0165175963
1.25408,-0.015874967
1.25424,-0.0160529017
1.2544,-0.0160617288
1.25456,-0.0173513982
1.25472,-0.0169837587
1.25488,-0.0180572644
1.25504,-0.0172749292
1.2552,-0.0169925857
1.25536,-0.0160029046
1.25552,-0.017035231
1.25568,-0.0169455297
1.25584,-0.0152558656
1.256,-0.0163734816
1.25616,-0.0190940034
1.25632,-0.0176763907
1.25648,-0.0172764026
1.25664,-0.0157779139
1.2568,-0.0158661474
1.25696,-0.0149985207
1.25712,-0.0161205474
1.25728,-0.0166602414
1.25744,-0.0160484947
1.2576,-0.0174837485
1.25776,-0.0165220071
1.25792,-0.0186587144
1.25808,-0.0161367301
1.25824,-0.0167249441
1.2584,-0.0168043561
1.25856,-0.018655777
1.25872,-0.0171984583
1.25888,-0.0180866793
1.25904,-0.0176910963
1.2592,-0.0176602155
1.25936,-0.0172116961
1.25952,-0.0186146013
1.25968,-0.0183249041
1.25984,-0.0181366727
1.26,-0.0168469995
1.26016,-0.0172866955
1.26032,-0.016598478
1.26048,-0.018024914
1.26064,-0.0170411114
1.2608,-0.0161381979
1.26096,-0.016758766
1.26112,-0.0172366984
1.26128,-0.0158014391
1.26144,-0.0157911442
1.2616,-0.0180513784
1.26176,-0.0162852537
1.26192,-0.0151705705
1.26208,-0.0151455719
1.26224,-0.0167837646
1.2624,-0.0159970224
1.26256,-0.0154176252
1.26272,-0.016077904
1.26288,-0.0156337973
1.26304,-0.0143897105
1.2632,-0.0152926287
1.26336,-0.0161602534
1.26352,-0.015098514
1.26368,-0.0167146493
1.26384,-0.0160161406
1.264,-0.014801465
1.26416,-0.0168896429
1.26432,-0.0167411231
1.26448,-0.0158484913
1.26464,-0.0152396895
1.2648,-0.0171925798
1.26496,-0.0183160808
1.26512,-0.0160293747
1.26528,-0.0154705662
1.26544,-0.0180807915
1.2656,-0.0169028789
1.26576,-0.0151426336
1.26592,-0.0148176411
1.26608,-0.016138196
1.26624,-0.0165720079
1.2664,-0.0143588278
1.26656,-0.014548528
1.26672,-0.0159749594
1.26688,-0.0147632314
1.26704,-0.0146588199
1.2672,-0.0148617597
1.26736,-0.014791172
1.26752,-0.0149764586
1.26768,-0.0135764964
1.26784,-0.0140367784
1.268,-0.0153852701
1.26816,-0.0144882388
1.26832,-0.0152911609
1.26848,-0.0146911778
1.26864,-0.0167690627
1.2688,-0.0142955976
1.26896,-0.0142191304
1.26912,-0.0165793616
1.26928,-0.0169352349
1.26944,-0.0156117408
1.2696,-0.0145999994
1.26976,-0.0171808172
1.26992,-0.0175763909
1.27008,-0.0179175679
1.27024,-0.0166396555
1.2704,-0.0146352975
1.27056,-0.0157529116
1.27072,-0.0167881809
1.27088,-0.0179175623
1.27104,-0.0162455477
1.2712,-0.0157940891
1.27136,-0.0173131693
1.27152,-0.0161837842
1.27168,-0.0167396516
1.27184,-0.0169072952
1.272,-0.0171072911
1.27216,-0.0160617288
1.27232,-0.0163102522
1.27248,-0.0161543749
1.27264,-0.015530861
1.2728,-0.0168367065
1.27296,-0.0160749685
1.27312,-0.0164867137
1.27328,-0.0158734936
1.27344,-0.0152838072
1.2736,-0.0156176183
1.27376,-0.0156646743
1.27392,-0.0155617436
1.27408,-0.0151485167
1.27424,-0.017204348
1.2744,-0.0184704885
1.27456,-0.0174455196
1.27472,-0.017479334
1.27488,-0.0167602394
1.27504,-0.0169940554
1.2752,-0.0175469797
1.27536,-0.0179557987
1.27552,-0.0180646218
1.27568,-0.0174808074
1.27584,-0.0175558068
1.276,-0.0168543551
1.27616,-0.0178190395
1.27632,-0.0183631387
1.27648,-0.0170117039
1.27664,-0.0165396556
1.2768,-0.0173440445
1.27696,-0.01693229
1.27712,-0.0188028272
1.27728,-0.0174911004
1.27744,-0.0161999576
1.2776,-0.0157514401
1.27776,-0.0161205474
1.27792,-0.0169308204
1.27808,-0.0168528836
1.27824,-0.0164911225
1.2784,-0.0156617388
1.27856,-0.0154102733
1.27872,-0.0152867446
1.27888,-0.0154293906
1.27904,-0.0175881572
1.2792,-0.0149808722
1.27936,-0.0167043582
1.27952,-0.0154323298
1.27968,-0.0138676651
1.27984,-0.014883819
1.28,-0.0156308543
1.28016,-0.0156264454
1.28032,-0.0165455434
1.28048,-0.0158161409
1.28064,-0.0167734735
1.2808,-0.0149308741
1.28096,-0.0152132185
1.28112,-0.0156587977
1.28128,-0.0174440462
1.28144,-0.0171778779
1.2816,-0.0163881872
1.28176,-0.0154191004
1.28192,-0.0158014409
1.28208,-0.0167734735
1.28224,-0.0145955887
1.2824,-0.0147117618
1.28256,-0.0154338013
1.28272,-0.0161279049
1.28288,-0.0154073332
1.28304,-0.0162352473
1.2832,-0.015501448
1.28336,-0.0148235252
1.28352,-0.0141720679
1.28368,-0.0143676521
1.28384,-0.0128206359
1.284,-0.0141205993
1.28416,-0.0148205832
1.28432,-0.0144764744
1.28448,-0.0152514521
1.28464,-0.0140058966
1.2848,-0.0149470484
1.28496,-0.0165028945
1.28512,-0.015157341
1.28528,-0.0149705783
1.28544,-0.015233811
1.2856,-0.0166793577
1.28576,-0.0140794264
1.28592,-0.0147044063
1.28608,-0.0163764283
1.28624,-0.0164205432
1.2864,-0.0162631944
1.28656,-0.0180175584
1.28672,-0.0156661496
1.28688,-0.0170455258
1.28704,-0.0170425847
1.2872,-0.0163484886
1.28736,-0.0175822768
1.28752,-0.0165234897
1.28768,-0.0169367064
1.28784,-0.0161308497
1.288,-0.0173602253
1.28816,-0.016811708
1.28832,-0.0185351986
1.28848,-0.0168808214
1.28864,-0.0162131935
1.2888,-0.016620541
1.28896,-0.0160720255
1.28912,-0.0152882216
1.28928,-0.0152543942
1.28944,-0.0170602351
1.2896,-0.0166352428
1.28976,-0.0156793874
1.28992,-0.0166940633
1.29008,-0.0147279408
1.29024,-0.0152779249
1.2904,-0.014591177
1.29056,-0.0156264435
1.29072,-0.017408751
1.29088,-0.0166852418
1.29104,-0.0166631844
1.2912,-0.0185881313
1.29136,-0.0178896207
1.29152,-0.0186307803
1.29168,-0.0194954649
1.29184,-0.0150529258
1.292,-0.0165999457
1.29216,-0.0182454996
1.29232,-0.0174969845
1.29248,-0.0169337615
1.29264,-0.0173146389
1.2928,-0.0189204756
1.29296,-0.0185616668
1.29312,-0.0186131354
1.29328,-0.0192984082
1.29344,-0.0169940572
1.2936,-0.0167146493
1.29376,-0.0163984839
1.29392,-0.016888177
1.29408,-0.0167793538
1.29424,-0.016455831
1.2944,-0.0170381702
1.29456,-0.0171719901
1.29472,-0.0171734653
1.29488,-0.0154896807
1.29504,-0.0153293917
1.2952,-0.016045548
1.29536,-0.0141661866
1.29552,-0.0154308621
1.29568,-0.0172690488
1.29584,-0.0162499584
1.296,-0.0144029437
1.29616,-0.0154543882
1.29632,-0.0153102763
1.29648,-0.0157926157
1.29664,-0.0154661573
1.2968,-0.0147235263
1.29696,-0.0161396656
1.29712,-0.0146749979
1.29728,-0.0161837824
1.29744,-0.016048491
1.2976,-0.0158543773
1.29776,-0.0151911583
1.29792,-0.0155661507
1.29808,-0.0165308304
1.29824,-0.0156190945
1.2984,-0.0155058578
1.29856,-0.0162220132
1.29872,-0.0159632023
1.29888,-0.0161440801
1.29904,-0.0169822909
1.2992,-0.0154661527
1.29936,-0.0173822828
1.29952,-0.016422011
1.29968,-0.0142073641
1.29984,-0.0137544321
1.3,-0.0166896563
1.30016,-0.0144161824
1.30032,-0.015922023
1.30048,-0.0148147009
1.30064,-0.013186804
1.3008,-0.0143220676
1.30096,-0.0133132683
1.30112,-0.0132456264
1.30128,-0.0140558966
1.30144,-0.0155235101
1.3016,-0.0161529034
1.30176,-0.0150735155
1.30192,-0.0167058315
1.30208,-0.01502058
1.30224,-0.016401425
1.3024,-0.0163749531
1.30256,-0.0152720446
1.30272,-0.0162293743
1.30288,-0.0163073093
1.30304,-0.0169455297
1.3032,-0.0168852378
1.30336,-0.0165514164
1.30352,-0.0171675868
1.30368,-0.0169220008
1.30384,-0.0143014779
1.304,-0.015036758
1.30416,-0.0179734416
1.30432,-0.0169322956
1.30448,-0.0169234704
1.30464,-0.0169484671
1.3048,-0.0169984717
1.30496,-0.0167881809
1.30512,-0.0175969824
1.30528,-0.0171661116
1.30544,-0.015694093
1.3056,-0.0163926017
1.30576,-0.015261746
1.30592,-0.0163734816
1.30608,-0.0162911359
1.30624,-0.0169705264
1.3064,-0.0157323238
1.30656,-0.016620541
1.30672,-0.0162396692
1.30688,-0.0165367164
1.30704,-0.0154485069
1.3072,-0.0163367167
1.30736,-0.017902853
1.30752,-0.0163396578
1.30768,-0.0164705422
1.30784,-0.0175911002
1.308,-0.0176881608
1.30816,-0.0178896189
1.30832,-0.0172337573
1.30848,-0.0172352251
1.30864,-0.0180057939
1.3088,-0.0186675452
1.30896,-0.0176337436
1.30912,-0.0171925854
1.30928,-0.0197601579
1.30944,-0.0186307747
1.3096,-0.0179778561
1.30976,-0.0167058259
1.30992,-0.0170690548
1.31008,-0.0182528477
1.31024,-0.0176852122
1.3104,-0.0178160965
1.31056,-0.0161940791
1.31072,-0.0159558468
1.31088,-0.0165528916
1.31104,-0.0169646442
1.3112,-0.0155264484
1.31136,-0.0147544071
1.31152,-0.0158573184
1.31168,-0.0157602616
1.31184,-0.0166720022
1.312,-0.015804382
1.31216,-0.0164161287
1.31232,-0.0149838133
1.31248,-0.0137838423
1.31264,-0.0161087848
1.3128,-0.014914697
1.31296,-0.0151249878
1.31312,-0.0166911241
1.31328,-0.0161543693
1.31344,-0.0159470234
1.3136,-0.0147352926
1.31376,-0.0163573101
1.31392,-0.0171749331
1.31408,-0.0162940752
1.31424,-0.0155235035
1.3144,-0.0169940591
1.31456,-0.0161426067
1.31472,-0.0157382097
1.31488,-0.0154470364
1.31504,-0.0170749389
1.3152,-0.0161102582
1.31536,-0.0160102528
1.31552,-0.0143250087
1.31568,-0.0153985107
1.31584,-0.0164131857
1.316,-0.015110285
1.31616,-0.01551174
1.31632,-0.0151029248
1.31648,-0.0153823337
1.31664,-0.0148749966
1.3168,-0.0147499954
1.31696,-0.0146558834
1.31712,-0.0156146782
1.31728,-0.0146691166
1.31744,-0.0152396895
1.3176,-0.0139397224
1.31776,-0.0132323885
1.31792,-0.016174959
1.31808,-0.0154529251
1.31824,-0.0141073661
1.3184,-0.0147014642
1.31856,-0.0148970541
1.31872,-0.0146382358
1.31888,-0.0164646599
1.31904,-0.0169470031
1.3192,-0.0157367382
1.31936,-0.0158705544
1.31952,-0.015585267
1.31968,-0.0168264173
1.31984,-0.0152793955
1.32,-0.0160602555
1.32016,-0.0164705422
1.32032,-0.0154176271
1.32048,-0.0172881652
1.32064,-0.0162896682
1.3208,-0.0156955626
1.32096,-0.0177352093
1.32112,-0.0175102167
1.32128,-0.017014645
1.32144,-0.0164984837
1.3216,-0.0166911222
1.32176,-0.0171484649
1.32192,-0.0173043422
1.32208,-0.0144500043
1.32224,-0.0162381958
1.3224,-0.0180102084
1.32256,-0.0160808414
1.32272,-0.0168102402
1.32288,-0.0157293826
1.32304,-0.0172234643
1.3232,-0.0171469953
1.32336,-0.0155617418
1.32352,-0.0157940891
1.32368,-0.0161308479
1.32384,-0.0159867294
1.324,-0.015514682
1.32416,-0.0159087908
1.32432,-0.0176513921
1.32448,-0.0186116621
1.32464,-0.0179940294
1.3248,-0.0172661133
1.32496,-0.0178146213
1.32512,-0.0169543531
1.32528,-0.0166058317
1.32544,-0.0177043304
1.3256,-0.0181102008
1.32576,-0.0174087472
1.32592,-0.0178940315
1.32608,-0.0176705122
1.32624,-0.0181263778
1.3264,-0.0175822712
1.32656,-0.0161793735
1.32672,-0.0163337775
1.32688,-0.0178969745
1.32704,-0.0164014231
1.3272,-0.0178410932
1.32736,-0.017095523
1.32752,-0.0167087689
1.32768,-0.0174808092
1.32784,-0.0161823127
1.328,-0.0167837664
1.32816,-0.016324956
1.32832,-0.0153338043
1.32848,-0.0153764514
1.32864,-0.0162484869
1.3288,-0.0159043781
1.32896,-0.0157529097
1.32912,-0.0154823298
1.32928,-0.017532276
1.32944,-0.0177146289
1.3296,-0.0151926288
1.32976,-0.0146102933
1.32992,-0.0143529493
1.33008,-0.0147088207
1.33024,-0.0147794066
1.3304,-0.0156014441
1.33056,-0.0162881929
1.33072,-0.0156558566
1.33088,-0.0161190778
1.33104,-0.0175837465
1.3312,-0.0157411452
1.33136,-0.0166720077
1.33152,-0.0165249519
1.33168,-0.0144367684
1.33184,-0.0150441043
1.332,-0.0159396715
1.33216,-0.0164411273
1.33232,-0.0164161325
1.33248,-0.0163499583
1.33264,-0.0147558795
1.3328,-0.0143014779
1.33296,-0.0154587999
1.33312,-0.0147073502
1.33328,-0.0150632216
1.33344,-0.0133765014
1.3336,-0.0133103272
1.33376,-0.0145411789
1.33392,-0.0140603064
1.33408,-0.0158882048
1.33424,-0.0142235365
1.3344,-0.014488237
1.33456,-0.0146955876
1.33472,-0.0146926409
1.33488,-0.0164323114
1.33504,-0.0157014392
1.3352,-0.014194129
1.33536,-0.0151102832
1.33552,-0.0158499684
1.33568,-0.0159132015
1.33584,-0.0154617401
1.336,-0.0154587999
1.33616,-0.0145779438
1.33632,-0.0152941002
1.33648,-0.0161058418
1.33664,-0.0163573045
1.3368,-0.0183469672
1.33696,-0.0169837587
1.33712,-0.0159676149
1.33728,-0.0157676172
1.33744,-0.0158014428
1.3376,-0.0167440586
1.33776,-0.0169631746
1.33792,-0.0163131915
1.33808,-0.017410228
1.33824,-0.0184425469
1.3384,-0.0184204895
1.33856,-0.0161337852
1.33872,-0.0163411312
1.33888,-0.0156132104
1.33904,-0.0165514201
1.3392,-0.0158632006
1.33936,-0.0168249458
1.33952,-0.0177543331
1.33968,-0.0177910998
1.33984,-0.0167014189
1.34,-0.0156970304
1.34016,-0.01542792
1.34032,-0.0149455825
1.34048,-0.016530836
1.34064,-0.0157205593
1.3408,-0.0172469914
1.34096,-0.0171381682
1.34112,-0.0173058137
1.34128,-0.018432254
1.34144,-0.0170587599
1.3416,-0.0181513764
1.34176,-0.0177925639
1.34192,-0.0171646401
1.34208,-0.0184866674
1.34224,-0.017874917
1.3424,-0.016477894
1.34256,-0.017471984
1.34272,-0.0179440286
1.34288,-0.0190572385
1.34304,-0.0174102224
1.3432,-0.0176719762
1.34336,-0.0158396754
1.34352,-0.0165131856
1.34368,-0.0168249439
1.34384,-0.0167587698
1.344,-0.0163852479
1.34416,-0.0168190617
1.34432,-0.0164984837
1.34448,-0.0162999555
1.34464,-0.0145176472
1.3448,-0.0140808942
1.34496,-0.0143250041
1.34512,-0.0157529134
1.34528,-0.0160058439
1.34544,-0.0165073015
1.3456,-0.01668524
1.34576,-0.0164720062
1.34592,-0.0152176311
1.34608,-0.0159382001
1.34624,-0.0157705564
1.3464,-0.0145279476
1.34656,-0.0150941052
1.34672,-0.016374955
1.34688,-0.0154882111
1.34704,-0.0153426267
1.3472,-0.0156720318
1.34736,-0.017176399
1.34752,-0.0159720201
1.34768,-0.0162896588
1.34784,-0.0174955092
1.348,-0.0156837944
1.34816,-0.0152249867
1.34832,-0.0167146493
1.34848,-0.0160661433
1.34864,-0.0153514538
1.3488,-0.0149794016
1.34896,-0.0164558385
1.34912,-0.0178234465
1.34928,-0.015474977
1.34944,-0.0146411769
1.3496,-0.0160955526
1.34976,-0.0134514989
1.34992,-0.0149764596
1.35008,-0.0151499854
1.35024,-0.0155308619
1.3504,-0.0144191189
1.35056,-0.0154735073
1.35072,-0.0121353595
1.35088,-0.0141338389
1.35104,-0.0149970492
1.3512,-0.0151367486
1.35136,-0.0143853026
1.35152,-0.0148955798
1.35168,-0.0149646979
1.35184,-0.0148941064
1.352,-0.0139691355
1.35216,-0.0154720377
1.35232,-0.0159117319
1.35248,-0.0164764207
1.35264,-0.0157529134
1.3528,-0.016805822
1.35296,-0.0158470273
1.35312,-0.0156455617
1.35328,-0.0150779309
1.35344,-0.0179763846
1.3536,-0.0168572962
1.35376,-0.0166264214
1.35392,-0.0158896726
1.35408,-0.0178616829
1.35424,-0.0163867176
1.3544,-0.0169484653
1.35456,-0.0168234762
1.35472,-0.0156190908
1.35488,-0.0169425942
1.35504,-0.0165940654
1.3552,-0.0160146728
1.35536,-0.0168087687
1.35552,-0.0151293976
1.35568,-0.0170234721
1.35584,-0.0168014169
1.356,-0.0159308519
1.35616,-0.0160102639
1.35632,-0.0168455318
1.35648,-0.0161587838
1.35664,-0.016022021
1.3568,-0.0167161208
1.35696,-0.0158529095
1.35712,-0.0155029157
1.35728,-0.0186866652
1.35744,-0.0142558925
1.3576,-0.0149779338
1.35776,-0.0171146411
1.35792,-0.0172719862
1.35808,-0.0178366806
1.35824,-0.0169911161
1.3584,-0.0163073111
1.35856,-0.0164014231
1.35872,-0.0199219249
1.35888,-0.0192469452
1.35904,-0.0177440364
1.3592,-0.016927883
1.35936,-0.0168322921
1.35952,-0.0181146152
1.35968,-0.0183851998
1.35984,-0.0169175863
1.36,-0.0169367045
1.36016,-0.0171867013
1.36032,-0.0168558247
1.36048,-0.0174263921
1.36064,-0.0169867016
1.3608,-0.0164734777
1.36096,-0.0162102524
1.36112,-0.0165705364
1.36128,-0.0152514493
1.36144,-0.0159602612
1.3616,-0.0164264254
1.36176,-0.015988199
1.36192,-0.0145191187
1.36208,-0.0164323039
1.36224,-0.0151499854
1.3624,-0.016545536
1.36256,-0.0161455497
1.36272,-0.014451473
1.36288,-0.0148632284
1.36304,-0.0156161468
1.3632,-0.0144735314
1.36336,-0.0155411502
1.36352,-0.0160323158
1.36368,-0.0179205034
1.36384,-0.0163014252
1.364,-0.0147088198
1.36416,-0.0148779312
1.36432,-0.0162323099
1.36448,-0.0162528958
1.36464,-0.0153146861
1.3648,-0.0157235041
1.36496,-0.0162440762
1.36512,-0.0141720697
1.36528,-0.015627915
1.36544,-0.0160896648
1.3656,-0.0173440501
1.36576,-0.0160367265
1.36592,-0.0156293884
1.36608,-0.0155485058
1.36624,-0.014241186
1.3664,-0.0146161746
1.36656,-0.0141926594
1.36672,-0.0152338091
1.36688,-0.014154423
1.36704,-0.0132323904
1.3672,-0.0146058798
1.36736,-0.0147161754
1.36752,-0.014827935
1.36768,-0.0154176224
1.36784,-0.0133073861
1.368,-0.0145882359
1.36816,-0.0135426745
1.36832,-0.0146220624
1.36848,-0.014947054
1.36864,-0.0145411771
1.3688,-0.014664704
1.36896,-0.0155411502
1.36912,-0.0168970004
1.36928,-0.0159470253
1.36944,-0.0144147119
1.3696,-0.0156720281
1.36976,-0.0172587484
1.36992,-0.0164528973
1.37008,-0.0163970124
1.37024,-0.0173661094
1.3704,-0.0167705305
1.37056,-0.0160631984
1.37072,-0.0165323038
1.37088,-0.0177969746
1.37104,-0.0173543412
1.3712,-0.016851414
1.37136,-0.0173072834
1.37152,-0.0155632095
1.37168,-0.015004402
1.37184,-0.0178219788
1.372,-0.0166955329
1.37216,-0.0156161496
1.37232,-0.0156249749
1.37248,-0.0162499566
1.37264,-0.0157440919
1.3728,-0.0176631548
1.37296,-0.0167220049
1.37312,-0.0171102267
1.37328,-0.0169867054
1.37344,-0.0165190697
1.3736,-0.0163999535
1.37376,-0.0159367323
1.37392,-0.0158308484
1.37408,-0.0157764442
1.37424,-0.0162323117
1.3744,-0.0156808551
1.37456,-0.0180646181
1.37472,-0.0169881713
1.37488,-0.0166205391
1.37504,-0.0169087648
1.3752,-0.0181807857
1.37536,-0.01829255
1.37552,-0.0183160808
1.37568,-0.0173940472
1.37584,-0.0173925757
1.376,-0.0173131656
1.37616,-0.0178455058
1.37632,-0.0178910941
1.37648,-0.0185454879
1.37664,-0.0178425591
1.3768,-0.0168837626
1.37696,-0.0165984817
1.37712,-0.0154367434
1.37728,-0.0163587797
1.37744,-0.0163293667
1.3776,-0.0180984382
1.37776,-0.0181352012
1.37792,-0.0171337575
1.37808,-0.0158029068
1.37824,-0.0148955798
1.3784,-0.0153308641
1.37856,-0.0154852727
1.37872,-0.0174866896
1.37888,-0.0162911341
1.37904,-0.0145647079
1.3792,-0.0158837885
1.37936,-0.0158749651
1.37952,-0.0147279352
1.37968,-0.0145323556
1.37984,-0.0166131817
1.38,-0.0160676111
1.38016,-0.0144573562
1.38032,-0.0142500093
1.38048,-0.0164264217
1.38064,-0.0160970222
1.3808,-0.0155735044
1.38096,-0.0151852816
1.38112,-0.0175749213
1.38128,-0.0148867583
1.38144,-0.0150838085
1.3816,-0.0165690668
1.38176,-0.0157867372
1.38192,-0.0170367006
1.38208,-0.0179131478
1.38224,-0.0174602177
1.3824,-0.0165367201
1.38256,-0.0148735242
1.38272,-0.0162926055
1.38288,-0.0155470315
1.38304,-0.0159264375
1.3832,-0.014138246
1.38336,-0.0143147148
1.38352,-0.0135044381
1.38368,-0.0142735392
1.38384,-0.0151455766
1.384,-0.0161823127
1.38416,-0.0161631964
1.38432,-0.0138309011
1.38448,-0.0133706192
1.38464,-0.0129956324
1.3848,-0.0139176678
1.38496,-0.0154146831
1.38512,-0.0157896783
1.38528,-0.0150779346
1.38544,-0.0145661794
1.3856,-0.0162911341
1.38576,-0.0151293967
1.38592,-0.0146999974
1.38608,-0.0167014226
1.38624,-0.0159484986
1.3864,-0.0162352528
1.38656,-0.0159426127
1.38672,-0.0166999456
1.38688,-0.0174852218
1.38704,-0.0168146491
1.3872,-0.0160764307
1.38736,-0.0163499545
1.38752,-0.0172528736
1.38768,-0.0166661181
1.38784,-0.0170087665
1.388,-0.0150191057
1.38816,-0.0159602612
1.38832,-0.0176337454
1.38848,-0.0178190339
1.38864,-0.0162955448
1.3888,-0.0164278951
1.38896,-0.014686767
1.38912,-0.0150838122
1.38928,-0.0185719617
1.38944,-0.0168764144
1.3896,-0.0165940709
1.38976,-0.0148911681
1.38992,-0.0154132154
1.39008,-0.0169514138
1.39024,-0.0163381901
1.3904,-0.015177927
1.39056,-0.0156499743
1.39072,-0.0153514547
1.39088,-0.0169308204
1.39104,-0.0167131815
1.3912,-0.0168455318
1.39136,-0.0181984399
1.39152,-0.0159382038
1.39168,-0.0158426166
1.39184,-0.018598428
1.392,-0.0172896367
1.39216,-0.0166293588
1.39232,-0.0181602072
1.39248,-0.0175131597
1.39264,-0.018371962
1.3928,-0.0185998995
1.39296,-0.0186910722
1.39312,-0.0162337851
1.39328,-0.0156823248
1.39344,-0.0165411271
1.3936,-0.0168264154
1.39376,-0.0171631705
1.39392,-0.016564656
1.39408,-0.0161734894
1.39424,-0.0170293469
1.3944,-0.017527869
1.39456,-0.01689847
1.39472,-0.0155176194
1.39488,-0.0155808572
1.39504,-0.0135897351
1.3952,-0.0153632173
1.39536,-0.017774919
1.39552,-0.0152470414
1.39568,-0.014951461
1.39584,-0.0145426504
1.396,-0.016782295
1.39616,-0.016645534
1.39632,-0.015874967
1.39648,-0.0142264776
1.39664,-0.0150823398
1.3968,-0.0147764664
1.39696,-0.0149073461
1.39712,-0.0166617129
1.39728,-0.0157220308
1.39744,-0.0161411334
1.3976,-0.0165499486
1.39776,-0.0156029174
1.39792,-0.016232308
1.39808,-0.0162249543
1.39824,-0.0148294028
1.3984,-0.0159602556
1.39856,-0.0150220478
1.39872,-0.0170337614
1.39888,-0.016272014
1.39904,-0.0160117298
1.3992,-0.0158558469
1.39936,-0.015094107
1.39952,-0.0147161689
1.39968,-0.0156485029
1.39984,-0.0149396975
1.4,-0.0141073661
1.40016,-0.0156896785
1.40032,-0.013448556
1.40048,-0.0148014696
1.40064,-0.0156690907
1.4008,-0.0137823783
1.40096,-0.0136662023
1.40112,-0.0144411819
1.40128,-0.0143470624
1.40144,-0.0153970355
1.4016,-0.0150808711
1.40176,-0.0158882029
1.40192,-0.0156440921
1.40208,-0.0146308802
1.40224,-0.0148117561
1.4024,-0.0158911403
1.40256,-0.0161793698
1.40272,-0.015467626
1.40288,-0.0135500282
1.40304,-0.0174469873
1.4032,-0.0158132035
1.40336,-0.0164234843
1.40352,-0.01791903
1.40368,-0.0164661258
1.40384,-0.0152323358
1.404,-0.0163499489
1.40416,-0.0162926037
1.40432,-0.0151793994
1.40448,-0.0172146391
1.40464,-0.0171852317
1.4048,-0.0162470136
1.40496,-0.0168072954
1.40512,-0.0153293945
1.40528,-0.0169808231
1.40544,-0.0159984939
1.4056,-0.0162631962
1.40576,-0.0163970161
1.40592,-0.0163440742
1.40608,-0.0161205493
1.40624,-0.0176896304
1.4064,-0.0190395899
1.40656,-0.0162381921
1.40672,-0.014794114
1.40688,-0.0150499865
1.40704,-0.0158587899
1.4072,-0.0159676168
1.40736,-0.014761758
1.40752,-0.0171381719
1.40768,-0.0159087908
1.40784,-0.0163999572
1.408,-0.0166646503
1.40816,-0.0166734774
1.40832,-0.0163146611
1.40848,-0.0164558385
1.40864,-0.0188645981
1.4088,-0.0167190637
1.40896,-0.0163176004
1.40912,-0.0196822211
1.40928,-0.0177337434
1.40944,-0.0185484271
1.4096,-0.0178572722
1.40976,-0.0163176022
1.40992,-0.0174396336
1.41008,-0.0162676033
1.41024,-0.0166175924
1.4104,-0.0178263932
1.41056,-0.0165852457
1.41072,-0.0161205493
1.41088,-0.0163014252
1.41104,-0.0165425949
1.4112,-0.0165425949
1.41136,-0.016567599
1.41152,-0.0158837903
1.41168,-0.0152029227
1.41184,-0.0141220735
1.412,-0.0146308802
1.41216,-0.015745556
1.41232,-0.0149794016
1.41248,-0.0165499505
1.41264,-0.0180837326
1.4128,-0.0163837783
1.41296,-0.0137191406
1.41312,-0.0147117609
1.41328,-0.0157029144
1.41344,-0.0160308462
1.4136,-0.0147632314
1.41376,-0.016038198
1.41392,-0.0143500054
1.41408,-0.0160823148
1.41424,-0.0157529097
1.4144,-0.0162631962
1.41456,-0.0162749533
1.41472,-0.017855797
1.41488,-0.0152779231
1.41504,-0.0160087887
1.4152,-0.0159029048
1.41536,-0.0166440681
1.41552,-0.0165117141
1.41568,-0.0158984978
1.41584,-0.0163528956
1.416,-0.0158176143
1.41616,-0.0136956098
1.41632,-0.015419092
1.41648,-0.0155661553
1.41664,-0.0164528955
1.4168,-0.0148485219
1.41696,-0.0142294206
1.41712,-0.0123515287
1.41728,-0.0140544251
1.41744,-0.0139764883
1.4176,-0.0153529216
1.41776,-0.0144044179
1.41792,-0.0139603112
1.41808,-0.0127074001
1.41824,-0.0148720546
1.4184,-0.0153205702
1.41856,-0.0151338112
1.41872,-0.0149999931
1.41888,-0.0168484729
1.41904,-0.0158087965
1.4192,-0.014983817
1.41936,-0.0145102963
1.41952,-0.0149529306
1.41968,-0.0160102639
1.41984,-0.0157602634
1.42,-0.0159558449
1.42016,-0.0180396196
1.42032,-0.0149823446
1.42048,-0.016451424
1.42064,-0.018024914
1.4208,-0.0171205252
1.42096,-0.0162514299
1.42112,-0.0164896641
1.42128,-0.0163131934
1.42144,-0.0166278891
1.4216,-0.0168881752
1.42176,-0.0181307923
1.42192,-0.0148955816
1.42208,-0.0174911059
1.42224,-0.016191138
1.4224,-0.0159867294
1.42256,-0.0145823574
1.42272,-0.0185351931
1.42288,-0.0165984761
1.42304,-0.0162852556
1.4232,-0.0176337417
1.42336,-0.0158676151
1.42352,-0.014260307
1.42368,-0.0151705742
1.42384,-0.0160249639
1.424,-0.0165073015
1.42416,-0.0157499723
1.42432,-0.0182646159
1.42448,-0.0177631546
1.42464,-0.0166984759
1.4248,-0.0165396594
1.42496,-0.0169058274
1.42512,-0.0159558486
1.42528,-0.0179249085
1.42544,-0.0180866756
1.4256,-0.0172322858
1.42576,-0.017845504
1.42592,-0.017064644
1.42608,-0.0184587222
1.42624,-0.0187881272
1.4264,-0.0169337597
1.42656,-0.0163896605
1.42672,-0.0158014353
1.42688,-0.0167881809
1.42704,-0.0169720016
1.4272,-0.016314663
1.42736,-0.0159264356
1.42752,-0.0164367165
1.42768,-0.0157911498
1.42784,-0.0168484729
1.428,-0.0149132283
1.42816,-0.0160926096
1.42832,-0.0157087948
1.42848,-0.0152293956
1.42864,-0.0156337954
1.4288,-0.0151749831
1.42896,-0.0162631907
1.42912,-0.0155985011
1.42928,-0.01652495
1.42944,-0.0158793759
1.4296,-0.0152029255
1.42976,-0.0150867514
1.42992,-0.0131044518
1.43008,-0.0143676521
1.43024,-0.0157396756
1.4304,-0.0150926327
1.43056,-0.0159955509
1.43072,-0.0162690748
1.43088,-0.0173793379
1.43104,-0.0149529334
1.4312,-0.0163440742
1.43136,-0.0163146611
1.43152,-0.0156823229
1.43168,-0.0148264626
1.43184,-0.0155985029
1.432,-0.0164249539
1.43216,-0.017582275
1.43232,-0.0158779044
1.43248,-0.0148176402
1.43264,-0.0146249989
1.4328,-0.0153617486
1.43296,-0.0138044301
1.43312,-0.0147397025
1.43328,-0.0163131896
1.43344,-0.0159411412
1.4336,-0.0150470501
1.43376,-0.0173911024
1.43392,-0.0145249991
1.43408,-0.013904429
1.43424,-0.0138691366
1.4344,-0.0133515038
1.43456,-0.015341158
1.43472,-0.0139559014
1.43488,-0.014654411
1.43504,-0.0151999816
1.4352,-0.014448531
1.43536,-0.016294077
1.43552,-0.0160249639
1.43568,-0.0150426384
1.43584,-0.0145955905
1.436,-0.0146102943
1.43616,-0.0158911478
1.43632,-0.0153146852
1.43648,-0.016682297
1.43664,-0.0171764083
1.4368,-0.0169234704
1.43696,-0.0161190797
1.43712,-0.0171367005
1.43728,-0.0157279111
1.43744,-0.0153396884
1.4376,-0.0162234902
1.43776,-0.015427921
1.43792,-0.017902853
1.43808,-0.018069027
1.43824,-0.0176249295
1.4384,-0.0165602379
1.43856,-0.0156690925
1.43872,-0.0165646598
1.43888,-0.0157087985
1.43904,-0.0153058665
1.4392,-0.0155823259
1.43936,-0.0165146608
1.43952,-0.0156823266
1.43968,-0.0159779079
1.43984,-0.0161440764
1.44,-0.0173455141
1.44016,-0.0164911263
1.44032,-0.0155632105
1.44048,-0.0160455517
1.44064,-0.0165249519
1.4408,-0.0166661255
1.44096,-0.0174763966
1.44112,-0.0166690629
1.44128,-0.0170881674
1.44144,-0.0164367165
1.4416,-0.0162690748
1.44176,-0.0171734635
1.44192,-0.018029321
1.44208,-0.0179057959
1.44224,-0.0178366825
1.4424,-0.0178749152
1.44256,-0.0184984263
1.44272,-0.0188763589
1.44288,-0.016782295
1.44304,-0.0167514142
1.4432,-0.0177822709
1.44336,-0.016227901
1.44352,-0.0166043639
1.44368,-0.017471984
1.44384,-0.0168940555
1.444,-0.015136756
1.44416,-0.0168087669
1.44432,-0.0168925896
1.44448,-0.0158234984
1.44464,-0.015217633
1.4448,-0.0156514421
1.44496,-0.0155646801
1.44512,-0.0141161885
1.44528,-0.0165352449
1.44544,-0.0171543453
1.4456,-0.0150632225
1.44576,-0.0156190889
1.44592,-0.0164749511
1.44608,-0.0153543949
1.44624,-0.0140588339
1.4464,-0.0149249928
1.44656,-0.0165175963
1.44672,-0.0173293371
1.44688,-0.0145132374
1.44704,-0.0143353017
1.4472,-0.0150279338
1.44736,-0.0168278832
1.44752,-0.0159426127
1.44768,-0.0165896565
1.44784,-0.0156558566
1.448,-0.0156529117
1.44816,-0.0161484927
1.44832,-0.0155587988
1.44848,-0.0155940941
1.44864,-0.015501448
1.4488,-0.0163484868
1.44896,-0.0143764764
1.44912,-0.01589261
1.44928,-0.0160293765
1.44944,-0.016155839
1.4496,-0.0148764616
1.44976,-0.0146955848
1.44992,-0.0131926825
1.45008,-0.0153293954
1.45024,-0.0158514399
1.4504,-0.0142308911
1.45056,-0.0134397373
1.45072,-0.0148941102
1.45088,-0.0152999815
1.45104,-0.0140161905
1.4512,-0.0136323776
1.45136,-0.0147029385
1.45152,-0.0138250245
1.45168,-0.0156896785
1.45184,-0.0150705799
1.452,-0.0142735401
1.45216,-0.014701467
1.45232,-0.0157190915
1.45248,-0.016227901
1.45264,-0.0159470234
1.4528,-0.0145352967
1.45296,-0.0135838548
1.45312,-0.0166514162
1.45328,-0.0171484649
1.45344,-0.0162455477
1.4536,-0.0165117122
1.45376,-0.0158073213
1.45392,-0.0162940715
1.45408,-0.0162646715
1.45424,-0.0168102365
1.4544,-0.0167014226
1.45456,-0.0155720301
1.45472,-0.0181704909
1.45488,-0.016869057
1.45504,-0.0150367552
1.4552,-0.0156470295
1.45536,-0.0167293604
1.45552,-0.0165778939
1.45568,-0.0157102663
1.45584,-0.0154426284
1.456,-0.0158264395
1.45616,-0.0159779079
1.45632,-0.0169484671
1.45648,-0.0165661313
1.45664,-0.0163808372
1.4568,-0.0171999317
1.45696,-0.0161528978
1.45712,-0.0152691016
1.45728,-0.0166161228
1.45744,-0.0161778983
1.4576,-0.0159102585
1.45776,-0.0174719859
1.45792,-0.01829255
1.45808,-0.0189234205
1.45824,-0.0158543773
1.4584,-0.0164043643
1.45856,-0.0181249082
1.45872,-0.0181381442
1.45888,-0.0152146854
1.45904,-0.0172455255
1.4592,-0.017304346
1.45936,-0.017791098
1.45952,-0.0181866717
1.45968,-0.0179675594
1.45984,-0.0179646164
1.46,-0.0158558507
1.46016,-0.0167837664
1.46032,-0.0157440864
1.46048,-0.0162955448
1.46064,-0.0175866876
1.4608,-0.0162661336
1.46096,-0.0171690509
1.46112,-0.0167720001
1.46128,-0.0153838014
1.46144,-0.0148926359
1.4616,-0.0149970474
1.46176,-0.0152602792
1.46192,-0.015427921
1.46208,-0.016414661
1.46224,-0.0177278593
1.4624,-0.0165631827
1.46256,-0.0155587979
1.46272,-0.0148676429
1.46288,-0.0149838123
1.46304,-0.0143588306
1.4632,-0.0146588217
1.46336,-0.0156396739
1.46352,-0.0149735166
1.46368,-0.015995549
1.46384,-0.0159690809
1.464,-0.0161161367
1.46416,-0.0161690768
1.46432,-0.0148323476
1.46448,-0.0139426654
1.46464,-0.0157499723
1.4648,-0.0149529306
1.46496,-0.0169822909
1.46512,-0.0169896502
1.46528,-0.0155514441
1.46544,-0.0166161228
1.4656,-0.0164058357
1.46576,-0.0157940891
1.46592,-0.0155470315
1.46608,-0.0142676607
1.46624,-0.0127324015
1.4664,-0.0145764695
1.46656,-0.0163837783
1.46672,-0.01588526
1.46688,-0.015444098
1.46704,-0.0145602953
1.4672,-0.0144544169
1.46736,-0.0139147248
1.46752,-0.0148646971
1.46768,-0.0135514978
1.46784,-0.0146191139
1.468,-0.0148073509
1.46816,-0.0131220957
1.46832,-0.014044133
1.46848,-0.0143235363
1.46864,-0.014127953
1.4688,-0.0152808633
1.46896,-0.015344101
1.46912,-0.0167205315
1.46928,-0.0165970083
1.46944,-0.0151529266
1.4696,-0.0165617149
1.46976,-0.0168661214
1.46992,-0.0168411192
1.47008,-0.0164720099
1.47024,-0.0157749671
1.4704,-0.0153396828
1.47056,-0.0170925837
1.47072,-0.0184572563
1.47088,-0.017529333
1.47104,-0.0150014609
1.4712,-0.0161190834
1.47136,-0.0162999574
1.47152,-0.0173175782
1.47168,-0.0177131519
1.47184,-0.0166440662
1.472,-0.0165264253
1.47216,-0.0167264193
1.47232,-0.0168308225
1.47248,-0.0168499462
1.47264,-0.0136029674
1.4728,-0.0151970433
1.47296,-0.0157558564
1.47312,-0.015898494
1.47328,-0.0173543449
1.47344,-0.0153367482
1.4736,-0.01613231
1.47376,-0.0170205254
1.47392,-0.0165470112
1.47408,-0.0168514084
1.47424,-0.0174455177
1.4744,-0.0156514458
1.47456,-0.017798448
1.47472,-0.0164426006
1.47488,-0.0170764066
1.47504,-0.017255811
1.4752,-0.0160734896
1.47536,-0.0189410634
1.47552,-0.0172866918
1.47568,-0.0188807771
1.47584,-0.0179999117
1.476,-0.0182866715
1.47616,-0.0164308343
1.47632,-0.0172969867
1.47648,-0.0172411073
1.47664,-0.0170675814
1.4768,-0.0179484431
1.47696,-0.0177528597
1.47712,-0.0150029324
1.47728,-0.0150176343
1.47744,-0.0150617519
1.4776,-0.0174793359
1.47776,-0.0166617092
1.47792,-0.0159705523
1.47808,-0.0172381625
1.47824,-0.0161337852
1.4784,-0.0159646682
1.47856,-0.0141103035
1.47872,-0.0142867696
1.47888,-0.0153264524
1.47904,-0.014280892
1.4792,-0.0150793996
1.47936,-0.0158411432
1.47952,-0.0141470712
1.47968,-0.0147926426
1.47984,-0.0147632314
1.48,-0.0146926455
1.48016,-0.0139103103
1.48032,-0.016454367
1.48048,-0.0159308463
1.48064,-0.0171308164
1.4808,-0.0168955307
1.48096,-0.0149470465
1.48112,-0.0148720518
1.48128,-0.0159323234
1.48144,-0.0163014289
1.4816,-0.0157043822
1.48176,-0.0159529094
1.48192,-0.0141794216
1.48208,-0.0158058517
1.48224,-0.0168558266
1.4824,-0.0152308671
1.48256,-0.0160558447
1.48272,-0.0150338132
1.48288,-0.0135764964
1.48304,-0.0142485416
1.4832,-0.0147588216
1.48336,-0.0165631864
1.48352,-0.0133059155
1.48368,-0.0141426586
1.48384,-0.0130515117
1.484,-0.0146999974
1.48416,-0.0144279432
1.48432,-0.0135779688
1.48448,-0.0152411582
1.48464,-0.0144691244
1.4848,-0.0153308678
1.48496,-0.0164602455
1.48512,-0.0148117654
1.48528,-0.0132118035
1.48544,-0.0129309259
1.4856,-0.0161808413
1.48576,-0.0178690329
1.48592,-0.0155132152
1.48608,-0.0158176161
1.48624,-0.0158764329
1.4864,-0.014930875
1.48656,-0.0154617419
1.48672,-0.0168925859
1.48688,-0.0173440482
1.48704,-0.0183116645
1.4872,-0.0173102245
1.48736,-0.0158470273
1.48752,-0.0165308341
1.48768,-0.0175690409
1.48784,-0.0164381918
1.488,-0.0161161367
1.48816,-0.0159690809
1.48832,-0.0158367418
1.48848,-0.0161249619
1.48864,-0.015774969
1.4888,-0.0152543951
1.48896,-0.0162381921
1.48912,-0.0166499447
1.48928,-0.0154293925
1.48944,-0.0170175899
1.4896,-0.0157617368
1.48976,-0.0151646947
1.48992,-0.0167131796
1.49008,-0.0167955346
1.49024,-0.0162514281
1.4904,-0.0163029004
1.49056,-0.0154499765
1.49072,-0.0151235126
1.49088,-0.0153382188
1.49104,-0.0170499366
1.4912,-0.0170631688
1.49136,-0.0163999517
1.49152,-0.0161279012
1.49168,-0.017304346
1.49184,-0.0169499386
1.492,-0.0163970124
1.49216,-0.0178469755
1.49232,-0.0191557705
1.49248,-0.018048441
1.49264,-0.01751169
1.4928,-0.0181175563
1.49296,-0.0173263997
1.49312,-0.017207291
1.49328,-0.0161087848
1.49344,-0.0169131756
1.4936,-0.0167470053
1.49376,-0.0170264058
1.49392,-0.016748473
1.49408,-0.0162323099
1.49424,-0.0162867159
1.4944,-0.0162631907
1.49456,-0.0170102306
1.49472,-0.0162058435
1.49488,-0.0146676451
1.49504,-0.0151411612
1.4952,-0.0159558449
1.49536,-0.0140588377
1.49552,-0.0163131878
1.49568,-0.0143073648
1.49584,-0.0167896487
1.496,-0.0163823031
1.49616,-0.0156161496
1.49632,-0.0144485328
1.49648,-0.0151117509
1.49664,-0.0149985207
1.4968,-0.015854381
1.49696,-0.0169455279
1.49712,-0.0169999376
1.49728,-0.0154779134
1.49744,-0.0150205744
1.4976,-0.0147264665
1.49776,-0.0158676133
1.49792,-0.014367654
1.49808,-0.0153940935
1.49824,-0.0160764325
1.4984,-0.0155499736
1.49856,-0.0143367732
1.49872,-0.017527869
1.49888,-0.0167631805
1.49904,-0.0164837725
1.4992,-0.015432328
1.49936,-0.0163176004
1.49952,-0.014535293
1.49968,-0.0153014548
1.49984,-0.0140691297
1.5,-0.0145558817
1.50016,-0.0142103042
1.50032,-0.0135500273
1.50048,-0.0152205676
1.50064,-0.0141220698
1.5008,-0.013554438
1.50096,-0.0129353385
1.50112,-0.013623558
1.50128,-0.0137956068
1.50144,-0.0149411652
1.5016,-0.0144852959
1.50176,-0.0147632342
1.50192,-0.0154440962
1.50208,-0.0158117376
1.50224,-0.014664703
1.5024,-0.0139632504
1.50256,-0.0146985296
1.50272,-0.0175205134
1.50288,-0.0170028806
1.50304,-0.0145441182
1.5032,-0.0169955306
1.50336,-0.0177131612
1.50352,-0.016977882
1.50368,-0.0170514099
1.50384,-0.0159823187
1.504,-0.0148632322
1.50416,-0.0154308612
1.50432,-0.0167058278
1.50448,-0.0170514099
1.50464,-0.015991142
1.5048,-0.0152264554
1.50496,-0.0157499742
1.50512,-0.0174837522
1.50528,-0.0154602667
1.50544,-0.0169705302
1.5056,-0.0163543653
1.50576,-0.0156734996
1.50592,-0.0160720218
1.50608,-0.0167778898
1.50624,-0.0168264136
1.5064,-0.0170661099
1.50656,-0.0153293964
1.50672,-0.0159867313
1.50688,-0.0143529475
1.50704,-0.0160676092
1.5072,-0.0152426297
1.50736,-0.015827911
1.50752,-0.0168925896
1.50768,-0.0160205513
1.50784,-0.0171087608
1.508,-0.0164587758
1.50816,-0.0172822848
1.50832,-0.0162176024
1.50848,-0.0175940376
1.50864,-0.0191925298
1.5088,-0.0184690207
1.50896,-0.0168837644
1.50912,-0.017441107
1.50928,-0.0185278412
1.50944,-0.0164778922
1.5096,-0.0187822506
1.50976,-0.0180146173
1.50992,-0.0176969785
1.51008,-0.0168808214
1.51024,-0.0162440743
1.5104,-0.0159073174
1.51056,-0.0167087708
1.51072,-0.0174734574
1.51088,-0.0167720057
1.51104,-0.0145632373
1.5112,-0.0165852401
1.51136,-0.0158087909
1.51152,-0.0145955887
1.51168,-0.0166940633
1.51184,-0.0133073861
1.512,-0.0150970463
1.51216,-0.0156117389
1.51232,-0.01612496
1.51248,-0.0173219927
1.51264,-0.0159514323
1.5128,-0.0160367284
1.51296,-0.0151293995
1.51312,-0.0139647219
1.51328,-0.0149264615
1.51344,-0.0159470215
1.5136,-0.0152926287
1.51376,-0.0150058707
1.51392,-0.0165396519
1.51408,-0.0177058019
1.51424,-0.0171014052
1.5144,-0.0149676371
1.51456,-0.0151132224
1.51472,-0.0132706221
1.51488,-0.0151352827
1.51504,-0.0165911186
1.5152,-0.017424928
1.51536,-0.016145546
1.51552,-0.0166014191
1.51568,-0.0160970204
1.51584,-0.013944135
1.516,-0.0139470752
1.51616,-0.0142779499
1.51632,-0.0151499854
1.51648,-0.0149426395
1.51664,-0.0147499908
1.5168,-0.0147455875
1.51696,-0.0146941179
1.51712,-0.0143558877
1.51728,-0.0145338271
1.51744,-0.0135867912
1.5176,-0.0134941451
1.51776,-0.0133882696
1.51792,-0.0141014848
1.51808,-0.0147808744
1.51824,-0.0143029476
1.5184,-0.0145191224
1.51856,-0.0147632314
1.51872,-0.0149279349
1.51888,-0.0159823205
1.51904,-0.0156235043
1.5192,-0.0162955467
1.51936,-0.014491179
1.51952,-0.0154220387
1.51968,-0.0157117378
1.51984,-0.0159646645
1.52,-0.0163234882
1.52016,-0.0166264214
1.52032,-0.0157970302
1.52048,-0.0141500151
1.52064,-0.0162205491
1.5208,-0.0166087728
1.52096,-0.0148485238
1.52112,-0.0150308739
1.52128,-0.0174705125
1.52144,-0.0156896804
1.5216,-0.016839657
1.52176,-0.0163587835
1.52192,-0.0157793872
1.52208,-0.0173028708
1.52224,-0.0164367221
1.5224,-0.0159808509
1.52256,-0.0157220345
1.52272,-0.0171087552
1.52288,-0.0148220537
1.52304,-0.0164073072
1.5232,-0.0158911403
1.52336,-0.0155235091
1.52352,-0.0169778783
1.52368,-0.0158176143
1.52384,-0.0155646764
1.524,-0.0157587957
1.52416,-0.0158543792
1.52432,-0.0183866695
1.52448,-0.0158896707
1.52464,-0.0157911442
1.5248,-0.0146294134
1.52496,-0.0158690847
1.52512,-0.0171955209
1.52528,-0.0183440205
1.52544,-0.0186440162
1.5256,-0.0182660855
1.52576,-0.0184484273
1.52592,-0.0189204756
1.52608,-0.0176940393
1.52624,-0.0170381702
1.5264,-0.0170014054
1.52656,-0.0176440366
1.52672,-0.0174587555
1.52688,-0.0149602881
1.52704,-0.016451424
1.5272,-0.0173558071
1.52736,-0.0166881811
1.52752,-0.0156235034
1.52768,-0.0163352489
1.52784,-0.0164631866
1.528,-0.0155911474
1.52816,-0.0148323458
1.52832,-0.0145808822
1.52848,-0.0145985289
1.52864,-0.0155690918
1.5288,-0.0164778903
1.52896,-0.015361743
1.52912,-0.0152117517
1.52928,-0.0164823011
1.52944,-0.0142058926
1.5296,-0.0142220659
1.52976,-0.0144735314
1.52992,-0.0158264395
1.53008,-0.0167852435
1.53024,-0.0143235354
1.5304,-0.0156102674
1.53056,-0.017061701
1.53072,-0.0154779181
1.53088,-0.0144073591
1.53104,-0.0165352449
1.5312,-0.0157926176
1.53136,-0.0161352567
1.53152,-0.0150235193
1.53168,-0.015461741
1.53184,-0.0167587679
1.532,-0.0151543971
1.53216,-0.0161852557
1.53232,-0.0168793481
1.53248,-0.0153705711
1.53264,-0.0142308893
1.5328,-0.0136897303
1.53296,-0.0139220785
1.53312,-0.0141808912
1.53328,-0.0141250119
1.53344,-0.0138661982
1.5336,-0.0146514671
1.53376,-0.0143720657
1.53392,-0.0143205961
1.53408,-0.0156764425
1.53424,-0.0136676719
1.5344,-0.0135529684
1.53456,-0.0141353048
1.53472,-0.0143323597
1.53488,-0.0151073411
1.53504,-0.0147926454
1.5352,-0.0153852729
1.53536,-0.0154690957
1.53552,-0.0149411662
1.53568,-0.0165234823
1.53584,-0.0149411708
1.536,-0.0173749253
1.53616,-0.0146382377
1.53632,-0.0153293945
1.53648,-0.0160926115
1.53664,-0.0165867172
1.5368,-0.0157852732
1.53696,-0.0165823065
1.53712,-0.0160705559
1.53728,-0.0157646742
1.53744,-0.0180528499
1.5376,-0.0168411229
1.53776,-0.0173146334
1.53792,-0.016245544
1.53808,-0.0170381721
1.53824,-0.0159264375
1.5384,-0.015741149
1.53856,-0.0143294223
1.53872,-0.0164176058
1.53888,-0.0173087567
1.53904,-0.0152132241
1.5392,-0.0144676529
1.53936,-0.0160720218
1.53952,-0.0169764087
1.53968,-0.0163940731
1.53984,-0.0170969982
1.54,-0.0163455438
1.54016,-0.0150676388
1.54032,-0.0149338152
1.54048,-0.0162808355
1.54064,-0.017174935
1.5408,-0.0153338052
1.54096,-0.016751416
1.54112,-0.0165764168
1.54128,-0.0170514099
1.54144,-0.0179646201
1.5416,-0.0161926039
1.54176,-0.0171264037
1.54192,-0.0180351995
1.54208,-0.0190278329
1.54224,-0.017639624
1.5424,-0.015330866
1.54256,-0.0172278732
1.54272,-0.0182101987
1.54288,-0.0182866715
1.54304,-0.0176778603
1.5432,-0.0173499249
1.54336,-0.0157264415
1.54352,-0.0172411054
1.54368,-0.0171852279
1.54384,-0.0167440642
1.544,-0.0150396954
1.54416,-0.0139485467
1.54432,-0.0166764185
1.54448,-0.0166543592
1.54464,-0.0174043421
1.5448,-0.0146897025
1.54496,-0.0152220428
1.54512,-0.0143132452
1.54528,-0.0158426166
1.54544,-0.0148264635
1.5456,-0.0142367724
1.54576,-0.0153132146
1.54592,-0.0151661607
1.54608,-0.0151661625
1.54624,-0.0166175924
1.5464,-0.0143426536
1.54656,-0.0156190954
1.54672,-0.0155985048
1.54688,-0.014627941
1.54704,-0.0158676133
1.5472,-0.0146794077
1.54736,-0.0159382019
1.54752,-0.0154102715
1.54768,-0.0163440742
1.54784,-0.0153558599
1.548,-0.0127824033
1.54816,-0.0146867642
1.54832,-0.014141188
1.54848,-0.0148073491
1.54864,-0.0165675934
1.5488,-0.0172837526
1.54896,-0.0160264317
1.54912,-0.0163617171
1.54928,-0.01371767
1.54944,-0.013594145
1.5496,-0.0143970652
1.54976,-0.0145294126
1.54992,-0.0161146708
1.55008,-0.0143897105
1.55024,-0.0145132411
1.5504,-0.0141632482
1.55056,-0.0143323597
1.55072,-0.0135529693
1.55088,-0.0129265143
1.55104,-0.014091189
1.5512,-0.01460147
1.55136,-0.0144823566
1.55152,-0.0140353106
1.55168,-0.0145764705
1.55184,-0.0153323337
1.552,-0.0145264743
1.55216,-0.0155426245
1.55232,-0.0150529295
1.55248,-0.0150441034
1.55264,-0.0150161674
1.5528,-0.0164734796
1.55296,-0.0154617401
1.55312,-0.0176749174
1.55328,-0.0164161343
1.55344,-0.0161190797
1.5536,-0.0166749451
1.55376,-0.0156955626
1.55392,-0.0154043892
1.55408,-0.0149426386
1.55424,-0.0156587977
1.5544,-0.0174837485
1.55456,-0.0155323278
1.55472,-0.0151514579
1.55488,-0.0169484708
1.55504,-0.0179381445
1.5552,-0.0175058078
1.55536,-0.0162058417
1.55552,-0.0155088045
1.55568,-0.0156602673
1.55584,-0.0159808435
1.556,-0.0161131993
1.55616,-0.0152764525
1.55632,-0.0166308284
1.55648,-0.0162161328
1.55664,-0.0163720138
1.5568,-0.0155911557
1.55696,-0.0157029107
1.55712,-0.0146279428
1.55728,-0.0152132232
1.55744,-0.0155779151
1.5576,-0.0174411088
1.55776,-0.015939666
1.55792,-0.0174764004
1.55808,-0.0169572905
1.55824,-0.0163587742
1.5584,-0.0152838053
1.55856,-0.0179263856
1.55872,-0.0175425727
1.55888,-0.0178572703
1.55904,-0.0187204815
1.5592,-0.0177778602
1.55936,-0.0172558147
1.55952,-0.0182087254
1.55968,-0.0156970322
1.55984,-0.0165911205
1.56,-0.0162587799
1.56016,-0.0167675912
1.56032,-0.0167602357
1.56048,-0.0175837465
1.56064,-0.0186998937
1.5608,-0.0160602536
1.56096,-0.0171808172
1.56112,-0.0160587858
1.56128,-0.0158632006
1.56144,-0.0149294063
1.5616,-0.0156176221
1.56176,-0.0147749986
1.56192,-0.0147205805
1.56208,-0.0157808531
1.56224,-0.0163558368
1.5624,-0.0148691107
1.56256,-0.0153499795
1.56272,-0.0160631966
1.56288,-0.0151323397
1.56304,-0.0131676877
1.5632,-0.0143794157
1.56336,-0.015467626
1.56352,-0.0153749753
1.56368,-0.0153279211
1.56384,-0.0153367463
1.564,-0.0135941422
1.56416,-0.0156455673
1.56432,-0.0151029322
1.56448,-0.0164675955
1.56464,-0.016108783
1.5648,-0.016274957
1.56496,-0.0165425986
1.56512,-0.0156764425
1.56528,-0.0163793638
1.56544,-0.0149867525
1.5656,-0.0167352408
1.56576,-0.0157161485
1.56592,-0.0151191056
1.56608,-0.0157293789
1.56624,-0.015544096
1.5664,-0.0141911861
1.56656,-0.0148705794
1.56672,-0.0156043852
1.56688,-0.0146235321
1.56704,-0.0139647238
1.5672,-0.0130118076
1.56736,-0.0126265241
1.56752,-0.0139132561
1.56768,-0.0128397513
1.56784,-0.0136279631
1.568,-0.0137867881
1.56816,-0.01334415
1.56832,-0.0131073911
1.56848,-0.014080897
1.56864,-0.015444098
1.5688,-0.0157426186
1.56896,-0.0162999555
1.56912,-0.0150705753
1.56928,-0.013860316
1.56944,-0.0154970381
1.5696,-0.0164396595
1.56976,-0.017398458
1.56992,-0.0143235344
1.57008,-0.0165984798
1.57024,-0.0159558505
1.5704,-0.0150661645
1.57056,-0.0165867116
1.57072,-0.0182116739
1.57088,-0.0156132085
1.57104,-0.015764676
1.5712,-0.0159396715
1.57136,-0.0163220149
1.57152,-0.016558772
1.57168,-0.016361719
1.57184,-0.0159440823
1.572,-0.0170366988
1.57216,-0.0164793637
1.57232,-0.0167514179
1.57248,-0.0162749588
1.57264,-0.0156690907
1.5728,-0.0162440725
1.57296,-0.0158793814
1.57312,-0.0165249519
1.57328,-0.017435221
1.57344,-0.0140794255
1.5736,-0.0166705307
1.57376,-0.0141823608
1.57392,-0.0156676229
1.57408,-0.0157264434
1.57424,-0.0174322817
1.5744,-0.0168778822
1.57456,-0.0189895928
1.57472,-0.0152867492
1.57488,-0.016451424
1.57504,-0.017352866
1.5752,-0.017102873
1.57536,-0.0162646621
1.57552,-0.0173646323
1.57568,-0.0165749509
1.57584,-0.0174925737
1.576,-0.0191704705
1.57616,-0.0183249004
1.57632,-0.0168543551
1.57648,-0.015764676
1.57664,-0.0176278614
1.5768,-0.0164205413
1.57696,-0.0178749152
1.57712,-0.0164264236
1.57728,-0.01630437
1.57744,-0.0177528579
1.5776,-0.0172793418
1.57776,-0.0155705614
1.57792,-0.0155646745
1.57808,-0.0153396865
1.57824,-0.0152249848
1.5784,-0.0143397134
1.57856,-0.0148029365
1.57872,-0.0158117339
1.57888,-0.0157573223
1.57904,-0.0145514729
1.5792,-0.0159455519
1.57936,-0.0147132315
1.57952,-0.0145941218
1.57968,-0.0145750027
1.57984,-0.0151029276
1.58,-0.0167190656
1.58016,-0.0151014552
1.58032,-0.0167822968
1.58048,-0.016622005
1.58064,-0.0169646442
1.5808,-0.0159102641
1.58096,-0.0146191185
1.58112,-0.0154588008
1.58128,-0.0159190837
1.58144,-0.0151705761
1.5816,-0.0148691107
1.58176,-0.0152396876
1.58192,-0.0171161145
1.58208,-0.0168572906
1.58224,-0.0154235084
1.5824,-0.0153764477
1.58256,-0.0148014668
1.58272,-0.0159367342
1.58288,-0.0143338311
1.58304,-0.0142926546
1.5832,-0.0141750127
1.58336,-0.0160014331
1.58352,-0.0153338062
1.58368,-0.01409119
1.58384,-0.0140382508
1.584,-0.0129294572
1.58416,-0.0134970872
1.58432,-0.0149191087
1.58448,-0.0147779398
1.58464,-0.0136676729
1.5848,-0.0145897064
1.58496,-0.0143720657
1.58512,-0.0140161887
1.58528,-0.0150544038
1.58544,-0.0146352937
1.5856,-0.0172837563
1.58576,-0.0157470331
1.58592,-0.0156940855
1.58608,-0.0136985546
1.58624,-0.0153602799
1.5864,-0.0174396299
1.58656,-0.0169631727
1.58672,-0.0162043646
1.58688,-0.0163793731
1.58704,-0.0175705142
1.5872,-0.0165661294
1.58736,-0.0161058474
1.58752,-0.0153779257
1.58768,-0.0159337875
1.58784,-0.0156573281
1.588,-0.0163308401
1.58816,-0.0176366828
1.58832,-0.0160573144
1.58848,-0.0166720059
1.58864,-0.0155940922
1.5888,-0.0151014579
1.58896,-0.015936736
1.58912,-0.0164823066
1.58928,-0.0161646679
1.58944,-0.0180293247
1.5896,-0.0160337836
1.58976,-0.0166293569
1.58992,-0.0159426127
1.59008,-0.0158970244
1.59024,-0.0146779399
1.5904,-0.0154896835
1.59056,-0.0152558684
1.59072,-0.0159970261
1.59088,-0.0181778502
1.59104,-0.0149691086
1.5912,-0.0172014013
1.59136,-0.0167175941
1.59152,-0.0168514103
1.59168,-0.0149867525
1.59184,-0.0164558385
1.592,-0.01931311
1.59216,-0.0171440504
1.59232,-0.0173558127
1.59248,-0.0170484632
1.59264,-0.0167646464
1.5928,-0.0188351814
1.59296,-0.0183175504
1.59312,-0.0174660981
1.59328,-0.0164043661
1.59344,-0.0176131595
1.5936,-0.0166205373
1.59376,-0.0158205591
1.59392,-0.0160646662
1.59408,-0.0162381921
1.59424,-0.0155514432
1.5944,-0.014947053
1.59456,-0.0157999713
1.59472,-0.0157896746
1.59488,-0.0159764346
1.59504,-0.0157264397
1.5952,-0.0149102882
1.59536,-0.0157940872
1.59552,-0.0151455738
1.59568,-0.0143823614
1.59584,-0.0151441013
1.596,-0.0146382321
1.59616,-0.0157602672
1.59632,-0.0155087998
1.59648,-0.0129632801
1.59664,-0.0149441091
1.5968,-0.0148808733
1.59696,-0.0159279071
1.59712,-0.01547792
1.59728,-0.0165381823
1.59744,-0.0163852461
1.5976,-0.015482327
1.59776,-0.0145088267
1.59792,-0.0147852879
1.59808,-0.0150338141
1.59824,-0.0135970833
1.5984,-0.0152941002
1.59856,-0.01611761
1.59872,-0.016004378
1.59888,-0.016157316
1.59904,-0.0143455938
1.5992,-0.0154308584
1.59936,-0.0138588417
1.59952,-0.0133794434
1.59968,-0.0133691495
1.59984,-0.013007394
1.6,-0.0154940933
1.60016,-0.0169705246
1.60032,-0.0146161783
1.60048,-0.0136397304
1.60064,-0.0134279709
1.6008,-0.0147088235
1.60096,-0.0129162194
1.60112,-0.0139485495
1.60128,-0.0142588336
1.60144,-0.0140779549
1.6016,-0.0170043465
1.60176,-0.0155117428
1.60192,-0.0137559073
1.60208,-0.0154735055
1.60224,-0.0155264474
1.6024,-0.0156867355
1.60256,-0.0153279221
1.60272,-0.0153367463
1.60288,-0.0157514438
1.60304,-0.0174558088
1.6032,-0.016144082
1.60336,-0.0171028748
1.60352,-0.0155470353
1.60368,-0.0155602749
1.60384,-0.0160558484
1.604,-0.016157316
1.60416,-0.0171337556
1.60432,-0.0177205056
1.60448,-0.0163734853
1.60464,-0.0156779122
1.6048,-0.0159235001
1.60496,-0.0149823474
1.60512,-0.016341133
1.60528,-0.0171631686
1.60544,-0.0161676034
1.6056,-0.0150323436
1.60576,-0.0152308699
1.60592,-0.0156470314
1.60608,-0.0174543411
1.60624,-0.0162176043
1.6064,-0.016073497
1.60656,-0.01400737
1.60672,-0.0161220226
1.60688,-0.0153661566
1.60704,-0.0140956026
1.6072,-0.0146999955
1.60736,-0.0161190797
1.60752,-0.0177205075
1.60768,-0.0172205232
1.60784,-0.0169117078
1.608,-0.0176969748
1.60816,-0.0172940493
1.60832,-0.0167749431
1.60848,-0.0151896914
1.60864,-0.0167028885
1.6088,-0.0186278336
1.60896,-0.0182425566
1.60912,-0.0182469673
1.60928,-0.0171234682
1.60944,-0.0179234464
1.6096,-0.0192307606
1.60976,-0.0165764205
1.60992,-0.0137573723
1.61008,-0.0165411253
1.61024,-0.0164058357
1.6104,-0.0172322839
1.61056,-0.0163970124
1.61072,-0.0169558208
1.61088,-0.0163911283
1.61104,-0.0168308225
1.6112,-0.0151705742
1.61136,-0.0130338641
1.61152,-0.0153058628
1.61168,-0.0153690968
1.61184,-0.0140235461
1.612,-0.0147632305
1.61216,-0.0157205593
1.61232,-0.0151426336
1.61248,-0.0153014539
1.61264,-0.0153279221
1.6128,-0.015738206
1.61296,-0.0147794057
1.61312,-0.0148558756
1.61328,-0.0157440882
1.61344,-0.0146897035
1.6136,-0.0158779006
1.61376,-0.0160308424
1.61392,-0.0155661525
1.61408,-0.0157264415
1.61424,-0.0146382349
1.6144,-0.0162514281
1.61456,-0.0152073391
1.61472,-0.0152029209
1.61488,-0.0158587899
1.61504,-0.0151632205
1.6152,-0.0141661875
1.61536,-0.0163528975
1.61552,-0.0155514488
1.61568,-0.0157396775
1.61584,-0.0151661616
1.616,-0.0144455926
1.61616,-0.0132706193
1.61632,-0.0141294263
1.61648,-0.0135176741
1.61664,-0.0136794345
1.6168,-0.0135088535
1.61696,-0.0144176492
1.61712,-0.015948493
1.61728,-0.0158205535
1.61744,-0.0135603193
1.6176,-0.0125618149
1.61776,-0.0150249926
1.61792,-0.0138411969
1.61808,-0.0146647021
1.61824,-0.0138029614
1.6184,-0.0151220411
1.61856,-0.0142588336
1.61872,-0.0153676299
1.61888,-0.0156705622
1.61904,-0.0145455915
1.6192,-0.0142867723
1.61936,-0.0149441091
1.61952,-0.0159308501
1.61968,-0.0157867353
1.61984,-0.0138426702
1.62,-0.0146632362
1.62016,-0.0173543449
1.62032,-0.0167602338
1.62048,-0.0163455382
1.62064,-0.0154029252
1.6208,-0.0165293664
1.62096,-0.0151617527
1.62112,-0.0162411388
1.62128,-0.0179499146
1.62144,-0.0171190519
1.6216,-0.0165249538
1.62176,-0.0163720213
1.62192,-0.0160102565
1.62208,-0.0148646971
1.62224,-0.0160955489
1.6224,-0.0158161409
1.62256,-0.0154264523
1.62272,-0.0146044102
1.62288,-0.0151838101
1.62304,-0.0165925995
1.6232,-0.0163823105
1.62336,-0.0152426334
1.62352,-0.0169440545
1.62368,-0.016314663
1.62384,-0.0156455599
1.624,-0.0151293986
1.62416,-0.0152102774
1.62432,-0.015554389
1.62448,-0.0158646721
1.62464,-0.0167293604
1.6248,-0.0190910604
1.62496,-0.0165940654
1.62512,-0.0176690388
1.62528,-0.0183528438
1.62544,-0.0151470443
1.6256,-0.016077904
1.62576,-0.0167175941
1.62592,-0.0179263838
1.62608,-0.0183263775
1.62624,-0.0177852158
1.6264,-0.0196336843
1.62656,-0.0173293427
1.62672,-0.0156646762
1.62688,-0.0167705324
1.62704,-0.0168028846
1.6272,-0.0161587801
1.62736,-0.0154940924
1.62752,-0.0160573144
1.62768,-0.0150058735
1.62784,-0.016585242
1.628,-0.0161587838
1.62816,-0.0144955926
1.62832,-0.0146161765
1.62848,-0.0145000014
1.62864,-0.0161264297
1.6288,-0.0165646542
1.62896,-0.0155470343
1.62912,-0.0150838075
1.62928,-0.0161234867
1.62944,-0.0158617329
1.6296,-0.014364711
1.62976,-0.0149338124
1.62992,-0.0144720627
1.63008,-0.0148691116
1.63024,-0.0145764723
1.6304,-0.015966136
1.63056,-0.0148852859
1.63072,-0.0159764364
1.63088,-0.0167249497
1.63104,-0.0148029365
1.6312,-0.0151132196
1.63136,-0.015569089
1.63152,-0.0151088107
1.63168,-0.0150499856
1.63184,-0.0139529575
1.632,-0.0161529034
1.63216,-0.0154970372
1.63232,-0.0151132233
1.63248,-0.0140470732
1.63264,-0.015157341
1.6328,-0.0144823547
1.63296,-0.0134279728
1.63312,-0.0147367604
1.63328,-0.0170440488
1.63344,-0.0146588264
1.6336,-0.0152485166
1.63376,-0.0142058963
1.63392,-0.0136264963
1.63408,-0.013160333
1.63424,-0.013067686
1.6344,-0.0140367793
1.63456,-0.0148897003
1.63472,-0.0143117709
1.63488,-0.014907347
1.63504,-0.0148676401
1.6352,-0.01499411
1.63536,-0.0146558853
1.63552,-0.0153117497
1.63568,-0.0157837905
1.63584,-0.015347044
1.636,-0.0131132714
1.63616,-0.0159955546
1.63632,-0.016901413
1.63648,-0.0170264095
1.63664,-0.0173616949
1.6368,-0.0166911259
1.63696,-0.0169675853
1.63712,-0.0155793913
1.63728,-0.0155043919
1.63744,-0.0153573351
1.6376,-0.0188484155
1.63776,-0.0162293706
1.63792,-0.015474976
1.63808,-0.0153896883
1.63824,-0.0161073152
1.6384,-0.0168764107
1.63856,-0.0147647038
1.63872,-0.0145132421
1.63888,-0.016051434
1.63904,-0.0152352788
1.6392,-0.0165984798
1.63936,-0.0162514336
1.63952,-0.0147382356
1.63968,-0.0153382216
1.63984,-0.0177131575
1.64,-0.0155705651
1.64016,-0.0141853075
1.64032,-0.0154764457
1.64048,-0.0165381897
1.64064,-0.0163690764
1.6408,-0.016224958
1.64096,-0.0177102126
1.64112,-0.0166190658
1.64128,-0.0146485269
1.64144,-0.0164337773
1.6416,-0.0171264075
1.64176,-0.0190175306
1.64192,-0.0181072615
1.64208,-0.0176234543
1.64224,-0.0193101726
1.6424,-0.0177410971
1.64256,-0.0187131278
1.64272,-0.0188425388
1.64288,-0.0160867255
1.64304,-0.0164808352
1.6432,-0.0169175882
1.64336,-0.0178440306
1.64352,-0.0180528499
1.64368,-0.017135229
1.64384,-0.0157823246
1.644,-0.0152323376
1.64416,-0.0165131856
1.64432,-0.0162837803
1.64448,-0.0156146782
1.64464,-0.0151999844
1.6448,-0.0147161763
1.64496,-0.0162293669
1.64512,-0.014827936
1.64528,-0.0151602793
1.64544,-0.0155235091
1.6456,-0.0168793537
1.64576,-0.0160587877
1.64592,-0.0136720799
1.64608,-0.014444123
1.64624,-0.0149602853
1.6464,-0.0151382191
1.64656,-0.0166205335
1.64672,-0.0152602773
1.64688,-0.0150588127
1.64704,-0.0147279389
1.6472,-0.0156896766
1.64736,-0.0159426108
1.64752,-0.0157014411
1.64768,-0.0152838044
1.64784,-0.0148764625
1.648,-0.0149088139
1.64816,-0.0157396775
1.64832,-0.0162190758
1.64848,-0.0146867605
1.64864,-0.0154764466
1.6488,-0.0158631988
1.64896,-0.0169690568
1.64912,-0.0141735384
1.64928,-0.0134529714
1.64944,-0.0144852996
1.6496,-0.0158911422
1.64976,-0.0136353206
1.64992,-0.013314737
1.65008,-0.0158426147
1.65024,-0.0133956177
1.6504,-0.0146941161
1.65056,-0.0151293995
1.65072,-0.0157852639
1.65088,-0.013657379
1.65104,-0.0140073709
1.6512,-0.013417678
1.65136,-0.0141808996
1.65152,-0.0139882527
1.65168,-0.0148044107
1.65184,-0.016422011
1.652,-0.0153014548
1.65216,-0.0144485338
1.65232,-0.015385272
1.65248,-0.0169572942
1.65264,-0.0160955489
1.6528,-0.0156161543
1.65296,-0.0162779
1.65312,-0.0159793738
1.65328,-0.0143044218
1.65344,-0.0151382219
1.6536,-0.016405832
1.65376,-0.0164793655
1.65392,-0.0172043461
1.65408,-0.0157735031
1.65424,-0.0154411606
1.6544,-0.0162867252
1.65456,-0.017191112
1.65472,-0.0172366984
1.65488,-0.0173013974
1.65504,-0.0170440543
1.6552,-0.0141926585
1.65536,-0.0157235041
1.65552,-0.0172352269
1.65568,-0.0160646662
1.65584,-0.0161029026
1.656,-0.0151779242
1.65616,-0.0161529053
1.65632,-0.015083814
1.65648,-0.0147897042
1.65664,-0.0162617229
1.6568,-0.0168558247
1.65696,-0.016264664
1.65712,-0.0174116883
1.65728,-0.0169234723
1.65744,-0.0175749231
1.6576,-0.0167425908
1.65776,-0.0162234865
1.65792,-0.017151406
1.65808,-0.0173337534
1.65824,-0.0165014192
1.6584,-0.0170881711
1.65856,-0.0184072517
1.65872,-0.017974915
1.65888,-0.0178749152
1.65904,-0.0158205573
1.6592,-0.0173808075
1.65936,-0.0193675235
1.65952,-0.0174587443
1.65968,-0.0162926037
1.65984,-0.0169646442
1.66,-0.0183263719
1.66016,-0.0155705623
1.66032,-0.0166543629
1.66048,-0.0179587323
1.66064,-0.0173425749
1.6608,-0.0157882031
1.66096,-0.0153838042
1.66112,-0.0162690785
1.66128,-0.016035255
1.66144,-0.0166661255
1.6616,-0.0160514321
1.66176,-0.0141367745
1.66192,-0.0159411374
1.66208,-0.0145661784
1.66224,-0.0141955959
1.6624,-0.0165602416
1.66256,-0.0145279421
1.66272,-0.015811732
1.66288,-0.0162617192
1.66304,-0.0155205671
1.6632,-0.0142397163
1.66336,-0.0132515067
1.66352,-0.0171455219
1.66368,-0.0169175882
1.66384,-0.0154661536
1.664,-0.0146147069
1.66416,-0.0135985557
1.66432,-0.0158073194
1.66448,-0.0151543953
1.66464,-0.015807325
1.6648,-0.0137867825
1.66496,-0.0150161684
1.66512,-0.0160161369
1.66528,-0.0176205132
1.66544,-0.0167999398
1.6656,-0.0151911639
1.66576,-0.0151323387
1.66592,-0.0143514797
1.66608,-0.0150838094
1.66624,-0.0143264774
1.6664,-0.0152970431
1.66656,-0.0148073481
1.66672,-0.0159132052
1.66688,-0.014151481
1.66704,-0.0151867475
1.6672,-0.0134926755
1.66736,-0.0132323867
1.66752,-0.0146161783
1.66768,-0.0148896994
1.66784,-0.0151867475
1.668,-0.0140117835
1.66816,-0.0153485108
1.66832,-0.0148764635
1.66848,-0.0148382317
1.66864,-0.0151073402
1.6688,-0.0170675814
1.66896,-0.0151220476
1.66912,-0.0143103022
1.66928,-0.0138426675
1.66944,-0.0164028928
1.6696,-0.0177558009
1.66976,-0.0165190697
1.66992,-0.0166925937
1.67008,-0.0167602338
1.67024,-0.0165278949
1.6704,-0.0159352627
1.67056,-0.0158382058
1.67072,-0.0139338411
1.67088,-0.0155323306
1.67104,-0.0175631605
1.6712,-0.0169793498
1.67136,-0.0171881691
1.67152,-0.0165131874
1.67168,-0.0169278849
1.67184,-0.0155043919
1.672,-0.0160131976
1.67216,-0.0158470254
1.67232,-0.0151808709
1.67248,-0.0166293643
1.67264,-0.0169028826
1.6728,-0.0161955506
1.67296,-0.0170352329
1.67312,-0.0169631727
1.67328,-0.0154705681
1.67344,-0.0136059104
1.6736,-0.0156249739
1.67376,-0.0146102943
1.67392,-0.0172558166
1.67408,-0.016391132
1.67424,-0.0155485068
1.6744,-0.0176719781
1.67456,-0.0164558366
1.67472,-0.0161028989
1.67488,-0.0168117099
1.67504,-0.0160720199
1.6752,-0.0180896111
1.67536,-0.0185498968
1.67552,-0.0172778722
1.67568,-0.0164264217
1.67584,-0.0178219751
1.676,-0.0184866618
1.67616,-0.0172322821
1.67632,-0.018361669
1.67648,-0.0185175464
1.67664,-0.0155558595
1.6768,-0.0170264095
1.67696,-0.0170528758
1.67712,-0.0171558149
1.67728,-0.0174205173
1.67744,-0.0168440603
1.6776,-0.0145103
1.67776,-0.0155073283
1.67792,-0.016645534
1.67808,-0.0164073054
1.67824,-0.0143220667
1.6784,-0.0152382161
1.67856,-0.0152146881
1.67872,-0.0159631986
1.67888,-0.0148661714
1.67904,-0.0149338152
1.6792,-0.01650583
1.67936,-0.0146367662
1.67952,-0.0142058944
1.67968,-0.0134382648
1.67984,-0.0148323476
1.68,-0.0145161776
1.68016,-0.0145999994
1.68032,-0.0165264197
1.68048,-0.0157102644
1.68064,-0.0172131695
1.6808,-0.016135253
1.68096,-0.0145573514
1.68112,-0.0154411606
1.68128,-0.0172278751
1.68144,-0.0153764496
1.6816,-0.0154382158
1.68176,-0.0155926254
1.68192,-0.0165073033
1.68208,-0.0160190798
1.68224,-0.0162778981
1.6824,-0.0148646962
1.68256,-0.0154852699
1.68272,-0.0139397234
1.68288,-0.0142073631
1.68304,-0.0157587975
1.6832,-0.0154793877
1.68336,-0.014060312
1.68352,-0.0149970474
1.68368,-0.0135632576
1.68384,-0.0127706379
1.684,-0.0140117845
1.68416,-0.0155485095
1.68432,-0.0132265063
1.68448,-0.0139691373
1.68464,-0.0136794373
1.6848,-0.016694067
1.68496,-0.0157352649
1.68512,-0.0157558564
1.68528,-0.0155249806
1.68544,-0.0148720546
1.6856,-0.0141088413
1.68576,-0.015077929
1.68592,-0.0160558466
1.68608,-0.0143588297
1.68624,-0.017301403
1.6864,-0.0170911122
1.68656,-0.0160087869
1.68672,-0.016301427
1.68688,-0.0161543749
1.68704,-0.0146823525
1.6872,-0.0147073548
1.68736,-0.0177028663
1.68752,-0.0165528953
1.68768,-0.0164881889
1.68784,-0.0174440406
1.688,-0.017330816
1.68816,-0.0155146848
1.68832,-0.0160882007
1.68848,-0.0159161426
1.68864,-0.0163396671
1.6888,-0.0153088057
1.68896,-0.0149161704
1.68912,-0.0172793474
1.68928,-0.0161573105
1.68944,-0.0158235021
1.6896,-0.0157705583
1.68976,-0.0164367147
1.68992,-0.0165440682
1.69008,-0.0164484829
1.69024,-0.0165087767
1.6904,-0.014830878
1.69056,-0.0159308501
1.69072,-0.0170646422
1.69088,-0.0174558125
1.69104,-0.0156396814
1.6912,-0.0170764048
1.69136,-0.017561689
1.69152,-0.016544072
1.69168,-0.0162528977
1.69184,-0.0165940635
1.692,-0.0180616751
1.69216,-0.0189160667
1.69232,-0.0166440643
1.69248,-0.0184851922
1.69264,-0.0186307784
1.6928,-0.0163896605
1.69296,-0.0167028867
1.69312,-0.0167220049
1.69328,-0.0174455158
1.69344,-0.0178293306
1.6936,-0.0184631366
1.69376,-0.0176513959
1.69392,-0.0155337984
1.69408,-0.0154808592
1.69424,-0.0153411608
1.6944,-0.0156014459
1.69456,-0.0166278873
1.69472,-0.0153014511
1.69488,-0.0153838024
1.69504,-0.0157058537
1.6952,-0.0151323387
1.69536,-0.0148676392
1.69552,-0.0142985377
1.69568,-0.0157852583
1.69584,-0.0153499804
1.696,-0.0145602943
1.69616,-0.0143705923
1.69632,-0.0149499942
1.69648,-0.0171602257
1.69664,-0.0159587897
1.6968,-0.0145397075
1.69696,-0.0153999813
1.69712,-0.01559556
1.69728,-0.0163602494
1.69744,-0.0167602394
1.6976,-0.0150014628
1.69776,-0.0148764616
1.69792,-0.0155058559
1.69808,-0.0156190945
1.69824,-0.0170558207
1.6984,-0.0163028985
1.69856,-0.0152573353
1.69872,-0.0160926078
1.69888,-0.0139161926
1.69904,-0.0156132067
1.6992,-0.0154646877
1.69936,-0.0150955729
1.69952,-0.0137485508
1.69968,-0.0146426493
1.69984,-0.0155632086
1.7,-0.013780904
1.70016,-0.0138117876
1.70032,-0.014223543
1.70048,-0.0135382647
1.70064,-0.0135720847
1.7008,-0.0154852746
1.70096,-0.0149720488
1.70112,-0.0150455814
1.70128,-0.0137264961
1.70144,-0.0130588673
1.7016,-0.0151102841
1.70176,-0.016224958
1.70192,-0.0141441282
1.70208,-0.0152749848
1.70224,-0.0144573562
1.7024,-0.0145367654
1.70256,-0.0149735194
1.70272,-0.0158867352
1.70288,-0.0168999378
1.70304,-0.0157837905
1.7032,-0.0154352728
1.70336,-0.0155852679
1.70352,-0.0150544019
1.70368,-0.0152867464
1.70384,-0.015944086
1.704,-0.017211698
1.70416,-0.0177337416
1.70432,-0.0182499066
1.70448,-0.0159499664
1.70464,-0.0146470591
1.7048,-0.0158367325
1.70496,-0.017535219
1.70512,-0.0172999315
1.70528,-0.0150852818
1.70544,-0.0162881948
1.7056,-0.016035255
1.70576,-0.0164631885
1.70592,-0.0168911181
1.70608,-0.0152955707
1.70624,-0.0162102543
1.7064,-0.0165690705
1.70656,-0.0153249865
1.70672,-0.0168072954
1.70688,-0.0164470151
1.70704,-0.0168793537
1.7072,-0.015972022
1.70736,-0.016680833
1.70752,-0.0151485158
1.70768,-0.016020555
1.70784,-0.0185249057
1.708,-0.0178425591
1.70816,-0.018558722
1.70832,-0.0150558697
1.70848,-0.0170602277
1.70864,-0.0180381499
1.7088,-0.0185175482
1.70896,-0.0163514242
1.70912,-0.01831902
1.70928,-0.0186925475
1.70944,-0.0176131595
1.7096,-0.017319046
1.70976,-0.0174205154
1.70992,-0.0150896944
1.71008,-0.0170646403
1.71024,-0.0165220089
1.7104,-0.0160014313
1.71056,-0.0162058398
1.71072,-0.0151014607
1.71088,-0.0165102445
1.71104,-0.0169984661
1.7112,-0.0157543831
1.71136,-0.0145485299
1.71152,-0.0141823655
1.71168,-0.0148308771
1.71184,-0.0153602744
1.712,-0.0162279028
1.71216,-0.0145647097
1.71232,-0.0160205495
1.71248,-0.0162396636
1.71264,-0.0144705921
1.7128,-0.0150205772
1.71296,-0.0152352778
1.71312,-0.0157837924
1.71328,-0.0144926431
1.71344,-0.0164793581
1.7136,-0.0167293511
1.71376,-0.0156602655
1.71392,-0.014972046
1.71408,-0.0142926546
1.71424,-0.0158602633
1.7144,-0.0139308982
1.71456,-0.014722053
1.71472,-0.0158999637
1.71488,-0.0149235185
1.71504,-0.0168690588
1.7152,-0.0170131717
1.71536,-0.0165573061
1.71552,-0.0151588125
1.71568,-0.0160308443
1.71584,-0.0151441004
1.716,-0.0159999672
1.71616,-0.0131000374
1.71632,-0.0136603173
1.71648,-0.0152205741
1.71664,-0.015242626
1.7168,-0.0148058766
1.71696,-0.01409119
1.71712,-0.013661786
1.71728,-0.01390443
1.71744,-0.0138632543
1.7176,-0.0130779799
1.71776,-0.0150294024
1.71792,-0.0138191395
1.71808,-0.012907397
1.71824,-0.0146191204
1.7184,-0.0159279071
1.71856,-0.0128956307
1.71872,-0.0154514518
1.71888,-0.0153661547
1.71904,-0.0152073372
1.7192,-0.0141823627
1.71936,-0.0155793857
1.71952,-0.0184351988
1.71968,-0.0172602255
1.71984,-0.0164102502
1.72,-0.0153882205
1.72016,-0.0151043981
1.72032,-0.0148029383
1.72048,-0.0158146769
1.72064,-0.017464634
1.7208,-0.019038124
1.72096,-0.017742563
1.72112,-0.0150323426
1.72128,-0.0161793698
1.72144,-0.0188498907
1.7216,-0.0158352647
1.72176,-0.0169793498
1.72192,-0.0154485097
1.72208,-0.0168764107
1.72224,-0.0151588079
1.7224,-0.0155823287
1.72256,-0.0170146432
1.72272,-0.0164161343
1.72288,-0.0158337951
1.72304,-0.0156161534
1.7232,-0.0161308404
1.72336,-0.0152882189
1.72352,-0.0155411521
1.72368,-0.0155161517
1.72384,-0.0157440864
1.724,-0.0189175345
1.72416,-0.0169028845
1.72432,-0.0150132282
1.72448,-0.0182013772
1.72464,-0.0160543788
1.7248,-0.0165234841
1.72496,-0.0168793574
1.72512,-0.0165102445
1.72528,-0.0159249678
1.72544,-0.0180646144
1.7256,-0.0176925696
1.72576,-0.0189410709
1.72592,-0.0173793416
1.72608,-0.0171102285
1.72624,-0.0191145912
1.7264,-0.0177455042
1.72656,-0.0162911359
1.72672,-0.0154499803
1.72688,-0.0158190876
1.72704,-0.0166470092
1.7272,-0.0168484747
1.72736,-0.0152838072
1.72752,-0.0165073052
1.72768,-0.0158970263
1.72784,-0.0148220556
1.728,-0.0152955707
1.72816,-0.0156367347
1.72832,-0.0144500015
1.72848,-0.015127928
1.72864,-0.015311745
1.7288,-0.0153426286
1.72896,-0.0152499843
1.72912,-0.0139514869
1.72928,-0.0154367443
1.72944,-0.0152661605
1.7296,-0.0152514568
1.72976,-0.0144485319
1.72992,-0.0150749879
1.73008,-0.0162455458
1.73024,-0.016185252
1.7304,-0.0150352791
1.73056,-0.0166337751
1.73072,-0.0166778937
1.73088,-0.0137029635
1.73104,-0.0157308523
1.7312,-0.0157779083
1.73136,-0.0148573453
1.73152,-0.0150808711
1.73168,-0.0157837942
1.73184,-0.0170219988
1.732,-0.0167102404
1.73216,-0.0154146841
1.73232,-0.0159426127
1.73248,-0.015267632
1.73264,-0.0139956037
1.7328,-0.0135853216
1.73296,-0.0131015116
1.73312,-0.0151205752
1.73328,-0.0159940831
1.73344,-0.0138735492
1.7336,-0.0137147252
1.73376,-0.0137279667
1.73392,-0.0140514858
1.73408,-0.0133867962
1.73424,-0.0143735353
1.7344,-0.0145926485
1.73456,-0.0138956094
1.73472,-0.0142985359
1.73488,-0.0160690825
1.73504,-0.0148426369
1.7352,-0.0152499853
1.73536,-0.0143823558
1.73552,-0.0145882377
1.73568,-0.0150970472
1.73584,-0.0144029465
1.736,-0.0164558347
1.73616,-0.0146426456
1.73632,-0.0156837944
1.73648,-0.0166572966
1.73664,-0.016307313
1.7368,-0.0166440643
1.73696,-0.017054351
1.73712,-0.0164837763
1.73728,-0.0153220408
1.73744,-0.0164352469
1.7376,-0.0161102545
1.73776,-0.0173719898
1.73792,-0.0151426345
1.73808,-0.016347019
1.73824,-0.0165249538
1.7384,-0.0176102147
1.73856,-0.0170602351
1.73872,-0.0170014091
1.73888,-0.0154117458
1.73904,-0.0146367643
1.7392,-0.0158470292
1.73936,-0.0175881553
1.73952,-0.0159529075
1.73968,-0.0160734933
1.73984,-0.0155396797
1.74,-0.0147161745
1.74016,-0.0155220348
1.74032,-0.0163028967
1.74048,-0.0155940941
1.74064,-0.0167499464
1.7408,-0.015638208
1.74096,-0.0161867216
1.74112,-0.0149176382
1.74128,-0.0165102482
1.74144,-0.0173734557
1.7416,-0.0184837226
1.74176,-0.0175940394
1.74192,-0.0173469856
1.74208,-0.0169337653
1.74224,-0.0171455219
1.7424,-0.0168837644
1.74256,-0.0185881257
1.74272,-0.0188234206
1.74288,-0.0179219749
1.74304,-0.0167102367
1.7432,-0.0174925718
1.74336,-0.0160661377
1.74352,-0.0164749492
1.74368,-0.0165587757
1.74384,-0.0148176402
1.744,-0.0159852561
1.74416,-0.0159308482
1.74432,-0.0163984876
1.74448,-0.017295517
1.74464,-0.0158793796
1.7448,-0.0157146789
1.74496,-0.0140706012
1.74512,-0.0158661418
1.74528,-0.0157146771
1.74544,-0.0158117339
1.7456,-0.0136691434
1.74576,-0.0137191396
1.74592,-0.0161146633
1.74608,-0.0165440645
1.74624,-0.015641151
1.7464,-0.0154838013
1.74656,-0.015174984
1.74672,-0.0154058626
1.74688,-0.0144661805
1.74704,-0.0152573371
1.7472,-0.0151249859
1.74736,-0.0163867176
1.74752,-0.016458774
1.74768,-0.0138279619
1.74784,-0.0154720377
1.748,-0.015785262
1.74816,-0.0151793966
1.74832,-0.0157073252
1.74848,-0.0157720316
1.74864,-0.0159602575
1.7488,-0.0169793516
1.74896,-0.016669061
1.74912,-0.0167117156
1.74928,-0.0149882296
1.74944,-0.0136867855
1.7496,-0.0140294246
1.74976,-0.0144955935
1.74992,-0.0136544369
1.75008,-0.0141117778
1.75024,-0.0148852887
1.7504,-0.0140764834
1.75056,-0.0141706038
1.75072,-0.015563217
1.75088,-0.0139897233
1.75104,-0.0145500023
1.7512,-0.0144132394
1.75136,-0.0145367673
1.75152,-0.0143573591
1.75168,-0.0155543862
1.75184,-0.0159587916
1.752,-0.0148749966
1.75216,-0.015307338
1.75232,-0.0160234887
1.75248,-0.0152940936
1.75264,-0.0147279408
1.7528,-0.0166396555
1.75296,-0.017474927
1.75312,-0.0159396697
1.75328,-0.0162396636
1.75344,-0.0153426323
1.7536,-0.0158381984
1.75376,-0.0159955528
1.75392,-0.0155867431
1.75408,-0.0164323077
1.75424,-0.0168734696
1.7544,-0.0170646422
1.75456,-0.0160661377
1.75472,-0.0160852522
1.75488,-0.0163793713
1.75504,-0.0163808372
1.7552,-0.0147955865
1.75536,-0.0174352285
1.75552,-0.0177043285
1.75568,-0.0150661692
1.75584,-0.0157793835
1.756,-0.0163734853
1.75616,-0.0168161187
1.75632,-0.0142823607
1.75648,-0.0155190965
1.75664,-0.0162881892
1.7568,-0.0174925737
1.75696,-0.0155337956
1.75712,-0.0153999813
1.75728,-0.0174249262
1.75744,-0.016407311
1.7576,-0.0144720664
1.75776,-0.0162778944
1.75792,-0.018058734
1.75808,-0.0161367282
1.75824,-0.0162587836
1.7584,-0.0191248804
1.75856,-0.0179337412
1.75872,-0.0171558168
1.75888,-0.0169205312
1.75904,-0.0166999456
1.7592,-0.0171366986
1.75936,-0.0168072935
1.75952,-0.0171734616
1.75968,-0.0172617007
1.75984,-0.0163705405
1.76,-0.0162734818
1.76016,-0.0162161347
1.76032,-0.0155970324
1.76048,-0.0153396837
1.76064,-0.0156720299
1.7608,-0.0164558347
1.76096,-0.0155661507
1.76112,-0.0171116982
1.76128,-0.0158264376
1.76144,-0.0145955887
1.7616,-0.0150602814
1.76176,-0.0154411541
1.76192,-0.0159543771
1.76208,-0.0157676153
1.76224,-0.0166073013
1.7624,-0.0145735322
1.76256,-0.0144382399
1.76272,-0.0161102526
1.76288,-0.0138235502
1.76304,-0.0129588675
1.7632,-0.0139014898
1.76336,-0.0163528956
1.76352,-0.0156926215
1.76368,-0.0148323476
1.76384,-0.0154646803
1.764,-0.0178013928
1.76416,-0.0142838322
1.76432,-0.0156176202
1.76448,-0.0158337895
1.76464,-0.016808765
1.7648,-0.0177999139
1.76496,-0.0167249441
1.76512,-0.0156176211
1.76528,-0.0171014052
1.76544,-0.0136632621
1.7656,-0.0149676371
1.76576,-0.0127765164
1.76592,-0.0140691288
1.76608,-0.0152073363
1.76624,-0.0145352939
1.7664,-0.0152014559
1.76656,-0.0158117358
1.76672,-0.0146235283
1.76688,-0.012794164
1.76704,-0.0134838503
1.7672,-0.0148588214
1.76736,-0.0142823625
1.76752,-0.0148088178
1.76768,-0.0131926844
1.76784,-0.0122530041
1.768,-0.0149396965
1.76816,-0.0144485356
1.76832,-0.0139088426
1.76848,-0.0142647158
1.76864,-0.0141808921
1.7688,-0.0150529342
1.76896,-0.0160955526
1.76912,-0.015248511
1.76928,-0.0151882218
1.76944,-0.014533828
1.7696,-0.0167411231
1.76976,-0.0179087408
1.76992,-0.0172366984
1.77008,-0.0170161184
1.77024,-0.0139485486
1.7704,-0.0162058417
1.77056,-0.0155676231
1.77072,-0.0152132213
1.77088,-0.0172278769
1.77104,-0.0159073211
1.7712,-0.0174984559
1.77136,-0.0170940533
1.77152,-0.0182793159
1.77168,-0.0172616933
1.77184,-0.0139323724
1.772,-0.0154558625
1.77216,-0.015991142
1.77232,-0.0164073072
1.77248,-0.0175705124
1.77264,-0.0154749788
1.7728,-0.0152602764
1.77296,-0.0187895969
1.77312,-0.0170705244
1.77328,-0.0142838322
1.77344,-0.0145558855
1.7736,-0.0158896744
1.77376,-0.0175410975
1.77392,-0.0168705322
1.77408,-0.0169367027
1.77424,-0.0171822887
1.7744,-0.0182837304
1.77456,-0.0172352288
1.77472,-0.0156249758
1.77488,-0.0159587879
1.77504,-0.0173749253
1.7752,-0.0178263839
1.77536,-0.0181101989
1.77552,-0.0172969885
1.77568,-0.0167455338
1.77584,-0.0160190798
1.776,-0.016988175
1.77616,-0.0178322643
1.77632,-0.0158514362
1.77648,-0.0171234626
1.77664,-0.0173322801
1.7768,-0.0165793654
1.77696,-0.0158470254
1.77712,-0.0167146511
1.77728,-0.0168822967
1.77744,-0.0157955568
1.7776,-0.015051459
1.77776,-0.0157220289
1.77792,-0.0159867276
1.77808,-0.0140779549
1.77824,-0.0127721066
1.7784,-0.0150441071
1.77856,-0.017342573
1.77872,-0.0157558508
1.77888,-0.0141500132
1.77904,-0.0161911324
1.7792,-0.0150867505
1.77936,-0.0147617627
1.77952,-0.0136191407
1.77968,-0.015674971
1.77984,-0.0147441132
1.78,-0.0144000044
1.78016,-0.0155896777
1.78032,-0.0162881911
1.78048,-0.0156087941
1.78064,-0.0163631905
1.7808,-0.0149455778
1.78096,-0.0153043922
1.78112,-0.0154485051
1.78128,-0.0145073552
1.78144,-0.0156411435
1.7816,-0.0140117817
1.78176,-0.0152838025
1.78192,-0.0154852709
1.78208,-0.0161808394
1.78224,-0.0165837724
1.7824,-0.0156499725
1.78256,-0.0154205645
1.78272,-0.0146117629
1.78288,-0.0141161904
1.78304,-0.014904405
1.7832,-0.0154690966
1.78336,-0.0160249621
1.78352,-0.0124368239
1.78368,-0.0127559341
1.78384,-0.0136147328
1.784,-0.0129220998
1.78416,-0.0132412091
1.78432,-0.0144823575
1.78448,-0.0144117717
1.78464,-0.0143852998
1.7848,-0.0141691314
1.78496,-0.01503528
1.78512,-0.0151293976
1.78528,-0.0145514729
1.78544,-0.0142323636
1.7856,-0.0146161746
1.78576,-0.0153176263
1.78592,-0.0144529464
1.78608,-0.014677939
1.78624,-0.0166337714
1.7864,-0.0175543372
1.78656,-0.0164367259
1.78672,-0.0156602673
1.78688,-0.0175484568
1.78704,-0.0154823307
1.7872,-0.0153029226
1.78736,-0.01729111
1.78752,-0.015267632
1.78768,-0.0163911302
1.78784,-0.0166337695
1.788,-0.0179925598
1.78816,-0.0161234923
1.78832,-0.0166999493
1.78848,-0.0145073542
1.78864,-0.0159499645
1.7888,-0.0153485136
1.78896,-0.0160734951
1.78912,-0.0172999278
1.78928,-0.0164190736
1.78944,-0.0167220067
1.7896,-0.0164778959
1.78976,-0.0160058439
1.78992,-0.0150470473
1.79008,-0.016172016
1.79024,-0.0154940961
1.7904,-0.0142338304
1.79056,-0.0153661566
1.79072,-0.0152411591
1.79088,-0.0162411351
1.79104,-0.0178499166
1.7912,-0.0170484707
1.79136,-0.0179087408
1.79152,-0.0181778483
1.79168,-0.0181543231
1.79184,-0.0178057961
1.792,-0.0159779042
1.79216,-0.0180278532
1.79232,-0.0184969623
1.79248,-0.0176058039
1.79264,-0.0168925878
1.7928,-0.017954329
1.79296,-0.0178249162
1.79312,-0.016477894
1.79328,-0.0163293667
1.79344,-0.0177028626
1.7936,-0.0171161126
1.79376,-0.015604388
1.79392,-0.015417628
1.79408,-0.0146808792
1.79424,-0.0177366864
1.7944,-0.0165470075
1.79456,-0.0154690947
1.79472,-0.0143647082
1.79488,-0.0144588295
1.79504,-0.0158690829
1.7952,-0.0166558288
1.79536,-0.0158529095
1.79552,-0.0146102933
1.79568,-0.0155499736
1.79584,-0.0153499804
1.796,-0.0136029692
1.79616,-0.0148691079
1.79632,-0.0142661808
1.79648,-0.0153617449
1.79664,-0.0127000511
1.7968,-0.0156102683
1.79696,-0.0160073172
1.79712,-0.015322038
1.79728,-0.0163175985
1.79744,-0.0162999574
1.7976,-0.0156896785
1.79776,-0.0156264454
1.79792,-0.0162661336
1.79808,-0.0155190956
1.79824,-0.0152779194
1.7984,-0.0148102846
1.79856,-0.015188219
1.79872,-0.0153146908
1.79888,-0.015861731
1.79904,-0.0152470432
1.7992,-0.0157293808
1.79936,-0.0142132463
1.79952,-0.0147573473
1.79968,-0.0137220779
1.79984,-0.0143411839
1.8,-0.014203921
